"U:0","U:1","U:2","p","vtkValidPointMask","arc_length","Points:0","Points:1","Points:2"
0.78031,2.6172e-36,4.7658e-06,7.8092e+06,1,0,50,0.05,0
0.7803,2.6603e-36,5.0102e-06,7.8092e+06,1,0.001,50,0.05,0.001
0.78028,5.4068e-36,5.2547e-06,7.8092e+06,1,0.002,50,0.05,0.002
0.78027,0,5.4991e-06,7.8092e+06,1,0.003,50,0.05,0.003
0.78025,2.7896e-36,5.7436e-06,7.8092e+06,1,0.004,50,0.05,0.004
0.78024,-2.8327e-36,5.988e-06,7.8092e+06,1,0.005,50,0.05,0.005
0.78022,2.8758e-36,6.2325e-06,7.8092e+06,1,0.006,50,0.05,0.006
0.7802,0,6.4769e-06,7.8092e+06,1,0.007,50,0.05,0.007
0.78019,0,6.7213e-06,7.8092e+06,1,0.008,50,0.05,0.008
0.78017,0,6.9658e-06,7.8092e+06,1,0.009,50,0.05,0.009
0.78016,0,7.2102e-06,7.8092e+06,1,0.01,50,0.05,0.01
0.78014,0,7.4547e-06,7.8092e+06,1,0.011,50,0.05,0.011
0.78012,0,7.6991e-06,7.8092e+06,1,0.012,50,0.05,0.012
0.78011,0,7.9436e-06,7.8092e+06,1,0.013,50,0.05,0.013
0.78009,0,8.188e-06,7.8092e+06,1,0.014,50,0.05,0.014
0.78008,0,8.4325e-06,7.8092e+06,1,0.015,50,0.05,0.015
0.78006,0,8.6769e-06,7.8092e+06,1,0.016,50,0.05,0.016
0.78004,0,8.9214e-06,7.8092e+06,1,0.017,50,0.05,0.017
0.78003,0,9.1658e-06,7.8092e+06,1,0.018,50,0.05,0.018
0.78001,0,9.4102e-06,7.8092e+06,1,0.019,50,0.05,0.019
0.77998,0,9.777e-06,7.8092e+06,1,0.02,50,0.05,0.02
0.77993,-3.0264e-36,1.0266e-05,7.8092e+06,1,0.021,50,0.05,0.021
0.77989,2.7388e-36,1.0755e-05,7.8092e+06,1,0.022,50,0.05,0.022
0.77984,0,1.1244e-05,7.8092e+06,1,0.023,50,0.05,0.023
0.77979,0,1.1733e-05,7.8092e+06,1,0.024,50,0.05,0.024
0.77974,0,1.2222e-05,7.8092e+06,1,0.025,50,0.05,0.025
0.7797,0,1.2711e-05,7.8092e+06,1,0.026,50,0.05,0.026
0.77965,0,1.32e-05,7.8092e+06,1,0.027,50,0.05,0.027
0.7796,0,1.3689e-05,7.8092e+06,1,0.028,50,0.05,0.028
0.77956,7.2618e-37,1.4179e-05,7.8092e+06,1,0.029,50,0.05,0.029
0.77951,0,1.4668e-05,7.8092e+06,1,0.03,50,0.05,0.03
0.77946,0,1.5157e-05,7.8092e+06,1,0.031,50,0.05,0.031
0.77941,0,1.5646e-05,7.8092e+06,1,0.032,50,0.05,0.032
0.77937,0,1.6135e-05,7.8092e+06,1,0.033,50,0.05,0.033
0.77932,0,1.6624e-05,7.8092e+06,1,0.034,50,0.05,0.034
0.77927,0,1.7113e-05,7.8092e+06,1,0.035,50,0.05,0.035
0.77922,0,1.7602e-05,7.8092e+06,1,0.036,50,0.05,0.036
0.77918,0,1.8091e-05,7.8092e+06,1,0.037,50,0.05,0.037
0.77913,0,1.858e-05,7.8092e+06,1,0.038,50,0.05,0.038
0.77908,0,1.9069e-05,7.8092e+06,1,0.039,50,0.05,0.039
0.779,1.8184e-36,1.9559e-05,7.8092e+06,1,0.04,50,0.05,0.04
0.77893,-2.9756e-36,2.0048e-05,7.8092e+06,1,0.041,50,0.05,0.041
0.77885,0,2.0538e-05,7.8092e+06,1,0.042,50,0.05,0.042
0.77877,0,2.1027e-05,7.8092e+06,1,0.043,50,0.05,0.043
0.77869,4.9593e-37,2.1517e-05,7.8092e+06,1,0.044,50,0.05,0.044
0.77861,-1.6531e-37,2.2006e-05,7.8092e+06,1,0.045,50,0.05,0.045
0.77854,0,2.2496e-05,7.8092e+06,1,0.046,50,0.05,0.046
0.77846,-4.9593e-37,2.2985e-05,7.8092e+06,1,0.047,50,0.05,0.047
0.77838,0,2.3475e-05,7.8092e+06,1,0.048,50,0.05,0.048
0.7783,0,2.3964e-05,7.8092e+06,1,0.049,50,0.05,0.049
0.77822,0,2.4454e-05,7.8092e+06,1,0.05,50,0.05,0.05
0.77814,0,2.4943e-05,7.8092e+06,1,0.051,50,0.05,0.051
0.77807,0,2.5433e-05,7.8092e+06,1,0.052,50,0.05,0.052
0.77799,0,2.5922e-05,7.8092e+06,1,0.053,50,0.05,0.053
0.77791,0,2.6412e-05,7.8092e+06,1,0.054,50,0.05,0.054
0.77783,0,2.6901e-05,7.8092e+06,1,0.055,50,0.05,0.055
0.77775,0,2.7391e-05,7.8092e+06,1,0.056,50,0.05,0.056
0.77768,0,2.788e-05,7.8092e+06,1,0.057,50,0.05,0.057
0.7776,0,2.837e-05,7.8092e+06,1,0.058,50,0.05,0.058
0.7775,-6.2293e-24,2.8859e-05,7.8092e+06,1,0.059,50,0.05,0.059
0.7774,-1.8688e-23,2.9349e-05,7.8092e+06,1,0.06,50,0.05,0.06
0.77729,-3.1146e-23,2.984e-05,7.8092e+06,1,0.061,50,0.05,0.061
0.77718,-4.3605e-23,3.033e-05,7.8092e+06,1,0.062,50,0.05,0.062
0.77707,-5.6064e-23,3.082e-05,7.8092e+06,1,0.063,50,0.05,0.063
0.77696,-6.8522e-23,3.131e-05,7.8092e+06,1,0.064,50,0.05,0.064
0.77685,-8.0981e-23,3.18e-05,7.8092e+06,1,0.065,50,0.05,0.065
0.77674,-9.3439e-23,3.229e-05,7.8092e+06,1,0.066,50,0.05,0.066
0.77663,-1.059e-22,3.2781e-05,7.8092e+06,1,0.067,50,0.05,0.067
0.77652,-1.1836e-22,3.3271e-05,7.8092e+06,1,0.068,50,0.05,0.068
0.77641,-1.3081e-22,3.3761e-05,7.8092e+06,1,0.069,50,0.05,0.069
0.77631,-1.4327e-22,3.4251e-05,7.8092e+06,1,0.07,50,0.05,0.07
0.7762,-1.5573e-22,3.4741e-05,7.8092e+06,1,0.071,50,0.05,0.071
0.77609,-1.6819e-22,3.5231e-05,7.8092e+06,1,0.072,50,0.05,0.072
0.77598,-1.8065e-22,3.5722e-05,7.8092e+06,1,0.073,50,0.05,0.073
0.77587,-1.9311e-22,3.6212e-05,7.8092e+06,1,0.074,50,0.05,0.074
0.77576,-2.0557e-22,3.6702e-05,7.8092e+06,1,0.075,50,0.05,0.075
0.77565,-2.1802e-22,3.7192e-05,7.8092e+06,1,0.076,50,0.05,0.076
0.77554,-2.3048e-22,3.7682e-05,7.8092e+06,1,0.077,50,0.05,0.077
0.77543,-2.4294e-22,3.8172e-05,7.8092e+06,1,0.078,50,0.05,0.078
0.77529,-2.3048e-22,3.8663e-05,7.8092e+06,1,0.079,50,0.05,0.079
0.77515,-2.1802e-22,3.9154e-05,7.8092e+06,1,0.08,50,0.05,0.08
0.77501,-2.0557e-22,3.9645e-05,7.8092e+06,1,0.081,50,0.05,0.081
0.77487,-1.9311e-22,4.0136e-05,7.8092e+06,1,0.082,50,0.05,0.082
0.77473,-1.8065e-22,4.0628e-05,7.8092e+06,1,0.083,50,0.05,0.083
0.77459,-1.6819e-22,4.1119e-05,7.8092e+06,1,0.084,50,0.05,0.084
0.77445,-1.5573e-22,4.161e-05,7.8092e+06,1,0.085,50,0.05,0.085
0.77431,-1.4327e-22,4.2101e-05,7.8092e+06,1,0.086,50,0.05,0.086
0.77417,-1.3081e-22,4.2592e-05,7.8092e+06,1,0.087,50,0.05,0.087
0.77404,-1.1836e-22,4.3083e-05,7.8092e+06,1,0.088,50,0.05,0.088
0.7739,-1.059e-22,4.3574e-05,7.8092e+06,1,0.089,50,0.05,0.089
0.77376,-9.3439e-23,4.4065e-05,7.8092e+06,1,0.09,50,0.05,0.09
0.77362,-8.0981e-23,4.4556e-05,7.8092e+06,1,0.091,50,0.05,0.091
0.77348,-6.8522e-23,4.5047e-05,7.8092e+06,1,0.092,50,0.05,0.092
0.77334,-5.6063e-23,4.5538e-05,7.8092e+06,1,0.093,50,0.05,0.093
0.7732,-4.3605e-23,4.6029e-05,7.8092e+06,1,0.094,50,0.05,0.094
0.77306,-3.1146e-23,4.652e-05,7.8092e+06,1,0.095,50,0.05,0.095
0.77292,-1.8688e-23,4.7011e-05,7.8092e+06,1,0.096,50,0.05,0.096
0.77278,-6.2292e-24,4.7502e-05,7.8092e+06,1,0.097,50,0.05,0.097
0.77262,1.2617e-26,4.7994e-05,7.8092e+06,1,0.098,50,0.05,0.098
0.77245,3.7852e-26,4.8486e-05,7.8092e+06,1,0.099,50,0.05,0.099
0.77228,6.3086e-26,4.8978e-05,7.8092e+06,1,0.1,50,0.05,0.1
0.77211,8.8321e-26,4.947e-05,7.8092e+06,1,0.101,50,0.05,0.101
0.77194,1.1356e-25,4.9962e-05,7.8092e+06,1,0.102,50,0.05,0.102
0.77177,1.3879e-25,5.0455e-05,7.8092e+06,1,0.103,50,0.05,0.103
0.7716,1.6402e-25,5.0947e-05,7.8092e+06,1,0.104,50,0.05,0.104
0.77143,1.8926e-25,5.1439e-05,7.8092e+06,1,0.105,50,0.05,0.105
0.77126,2.1449e-25,5.1931e-05,7.8092e+06,1,0.106,50,0.05,0.106
0.77109,2.3973e-25,5.2423e-05,7.8092e+06,1,0.107,50,0.05,0.107
0.77091,2.6496e-25,5.2915e-05,7.8092e+06,1,0.108,50,0.05,0.108
0.77074,2.902e-25,5.3408e-05,7.8092e+06,1,0.109,50,0.05,0.109
0.77057,3.1543e-25,5.39e-05,7.8092e+06,1,0.11,50,0.05,0.11
0.7704,3.4067e-25,5.4392e-05,7.8092e+06,1,0.111,50,0.05,0.111
0.77023,3.659e-25,5.4884e-05,7.8092e+06,1,0.112,50,0.05,0.112
0.77006,3.9113e-25,5.5376e-05,7.8092e+06,1,0.113,50,0.05,0.113
0.76989,4.1637e-25,5.5868e-05,7.8092e+06,1,0.114,50,0.05,0.114
0.76972,4.416e-25,5.6361e-05,7.8092e+06,1,0.115,50,0.05,0.115
0.76955,4.6684e-25,5.6853e-05,7.8092e+06,1,0.116,50,0.05,0.116
0.76938,4.9207e-25,5.7345e-05,7.8092e+06,1,0.117,50,0.05,0.117
0.76918,4.6684e-25,5.7838e-05,7.8092e+06,1,0.118,50,0.05,0.118
0.76898,4.416e-25,5.8332e-05,7.8092e+06,1,0.119,50,0.05,0.119
0.76877,4.1637e-25,5.8825e-05,7.8092e+06,1,0.12,50,0.05,0.12
0.76857,3.9113e-25,5.9319e-05,7.8092e+06,1,0.121,50,0.05,0.121
0.76837,3.659e-25,5.9812e-05,7.8092e+06,1,0.122,50,0.05,0.122
0.76817,3.4067e-25,6.0306e-05,7.8092e+06,1,0.123,50,0.05,0.123
0.76797,3.1543e-25,6.0799e-05,7.8092e+06,1,0.124,50,0.05,0.124
0.76777,2.902e-25,6.1293e-05,7.8092e+06,1,0.125,50,0.05,0.125
0.76757,2.6496e-25,6.1786e-05,7.8092e+06,1,0.126,50,0.05,0.126
0.76736,2.3973e-25,6.228e-05,7.8092e+06,1,0.127,50,0.05,0.127
0.76716,2.1449e-25,6.2773e-05,7.8092e+06,1,0.128,50,0.05,0.128
0.76696,1.8926e-25,6.3267e-05,7.8092e+06,1,0.129,50,0.05,0.129
0.76676,1.6402e-25,6.376e-05,7.8092e+06,1,0.13,50,0.05,0.13
0.76656,1.3879e-25,6.4254e-05,7.8092e+06,1,0.131,50,0.05,0.131
0.76636,1.1356e-25,6.4747e-05,7.8092e+06,1,0.132,50,0.05,0.132
0.76615,8.8321e-26,6.5241e-05,7.8092e+06,1,0.133,50,0.05,0.133
0.76595,6.3086e-26,6.5734e-05,7.8092e+06,1,0.134,50,0.05,0.134
0.76575,3.7852e-26,6.6228e-05,7.8092e+06,1,0.135,50,0.05,0.135
0.76555,1.2617e-26,6.6721e-05,7.8092e+06,1,0.136,50,0.05,0.136
0.76533,-1.2618e-26,6.7216e-05,7.8092e+06,1,0.137,50,0.05,0.137
0.7651,-3.7854e-26,6.7711e-05,7.8092e+06,1,0.138,50,0.05,0.138
0.76487,-6.3089e-26,6.8206e-05,7.8092e+06,1,0.139,50,0.05,0.139
0.76464,-8.8325e-26,6.8701e-05,7.8092e+06,1,0.14,50,0.05,0.14
0.7644,-1.1356e-25,6.9196e-05,7.8092e+06,1,0.141,50,0.05,0.141
0.76417,-1.388e-25,6.9691e-05,7.8092e+06,1,0.142,50,0.05,0.142
0.76394,-1.6403e-25,7.0186e-05,7.8092e+06,1,0.143,50,0.05,0.143
0.76371,-1.8927e-25,7.0681e-05,7.8092e+06,1,0.144,50,0.05,0.144
0.76347,-2.145e-25,7.1176e-05,7.8092e+06,1,0.145,50,0.05,0.145
0.76324,-2.3974e-25,7.1671e-05,7.8092e+06,1,0.146,50,0.05,0.146
0.76301,-2.6498e-25,7.2167e-05,7.8092e+06,1,0.147,50,0.05,0.147
0.76278,-2.9021e-25,7.2662e-05,7.8092e+06,1,0.148,50,0.05,0.148
0.76255,-3.1545e-25,7.3157e-05,7.8092e+06,1,0.149,50,0.05,0.149
0.76231,-3.4068e-25,7.3652e-05,7.8092e+06,1,0.15,50,0.05,0.15
0.76208,-3.6592e-25,7.4147e-05,7.8092e+06,1,0.151,50,0.05,0.151
0.76185,-3.9115e-25,7.4642e-05,7.8092e+06,1,0.152,50,0.05,0.152
0.76162,-4.1639e-25,7.5137e-05,7.8092e+06,1,0.153,50,0.05,0.153
0.76138,-4.4163e-25,7.5632e-05,7.8092e+06,1,0.154,50,0.05,0.154
0.76115,-4.6686e-25,7.6127e-05,7.8092e+06,1,0.155,50,0.05,0.155
0.76092,-4.921e-25,7.6622e-05,7.8092e+06,1,0.156,50,0.05,0.156
0.76066,-2.5384e-23,7.7119e-05,7.8092e+06,1,0.157,50,0.05,0.157
0.76039,-5.0276e-23,7.7616e-05,7.8092e+06,1,0.158,50,0.05,0.158
0.76013,-7.5168e-23,7.8113e-05,7.8092e+06,1,0.159,50,0.05,0.159
0.75987,-1.0006e-22,7.861e-05,7.8092e+06,1,0.16,50,0.05,0.16
0.7596,-1.2495e-22,7.9107e-05,7.8092e+06,1,0.161,50,0.05,0.161
0.75934,-1.4984e-22,7.9603e-05,7.8092e+06,1,0.162,50,0.05,0.162
0.75908,-1.7474e-22,8.01e-05,7.8092e+06,1,0.163,50,0.05,0.163
0.75881,-1.9963e-22,8.0597e-05,7.8092e+06,1,0.164,50,0.05,0.164
0.75855,-2.2452e-22,8.1094e-05,7.8092e+06,1,0.165,50,0.05,0.165
0.75829,-2.4941e-22,8.1591e-05,7.8092e+06,1,0.166,50,0.05,0.166
0.75802,-2.743e-22,8.2088e-05,7.8092e+06,1,0.167,50,0.05,0.167
0.75776,-2.9919e-22,8.2585e-05,7.8092e+06,1,0.168,50,0.05,0.168
0.7575,-3.2409e-22,8.3082e-05,7.8092e+06,1,0.169,50,0.05,0.169
0.75723,-3.4898e-22,8.3578e-05,7.8092e+06,1,0.17,50,0.05,0.17
0.75697,-3.7387e-22,8.4075e-05,7.8092e+06,1,0.171,50,0.05,0.171
0.75671,-3.9876e-22,8.4572e-05,7.8092e+06,1,0.172,50,0.05,0.172
0.75645,-4.2365e-22,8.5069e-05,7.8092e+06,1,0.173,50,0.05,0.173
0.75618,-4.4855e-22,8.5566e-05,7.8092e+06,1,0.174,50,0.05,0.174
0.75592,-4.7344e-22,8.6063e-05,7.8092e+06,1,0.175,50,0.05,0.175
0.75564,-4.423e-22,8.6561e-05,7.8092e+06,1,0.176,50,0.05,0.176
0.75535,-3.5515e-22,8.706e-05,7.8092e+06,1,0.177,50,0.05,0.177
0.75505,-2.6799e-22,8.7558e-05,7.8092e+06,1,0.178,50,0.05,0.178
0.75476,-1.8083e-22,8.8057e-05,7.8092e+06,1,0.179,50,0.05,0.179
0.75446,-9.3666e-23,8.8556e-05,7.8092e+06,1,0.18,50,0.05,0.18
0.75417,-6.5075e-24,8.9055e-05,7.8092e+06,1,0.181,50,0.05,0.181
0.75388,8.0652e-23,8.9554e-05,7.8092e+06,1,0.182,50,0.05,0.182
0.75358,1.6781e-22,9.0053e-05,7.8092e+06,1,0.183,50,0.05,0.183
0.75329,2.5497e-22,9.0552e-05,7.8092e+06,1,0.184,50,0.05,0.184
0.75299,3.4213e-22,9.1051e-05,7.8092e+06,1,0.185,50,0.05,0.185
0.7527,4.2929e-22,9.155e-05,7.8092e+06,1,0.186,50,0.05,0.186
0.75241,5.1645e-22,9.2049e-05,7.8092e+06,1,0.187,50,0.05,0.187
0.75211,6.0361e-22,9.2547e-05,7.8092e+06,1,0.188,50,0.05,0.188
0.75182,6.9077e-22,9.3046e-05,7.8092e+06,1,0.189,50,0.05,0.189
0.75152,7.7793e-22,9.3545e-05,7.8092e+06,1,0.19,50,0.05,0.19
0.75123,8.6509e-22,9.4044e-05,7.8092e+06,1,0.191,50,0.05,0.191
0.75094,9.5225e-22,9.4543e-05,7.8092e+06,1,0.192,50,0.05,0.192
0.75064,1.0394e-21,9.5042e-05,7.8092e+06,1,0.193,50,0.05,0.193
0.75035,1.1266e-21,9.5541e-05,7.8092e+06,1,0.194,50,0.05,0.194
0.75005,1.2137e-21,9.604e-05,7.8092e+06,1,0.195,50,0.05,0.195
0.74973,1.1764e-21,9.6541e-05,7.8092e+06,1,0.196,50,0.05,0.196
0.74941,1.1391e-21,9.7042e-05,7.8092e+06,1,0.197,50,0.05,0.197
0.74908,1.1018e-21,9.7543e-05,7.8092e+06,1,0.198,50,0.05,0.198
0.74876,1.0644e-21,9.8044e-05,7.8092e+06,1,0.199,50,0.05,0.199
0.74843,1.0271e-21,9.8545e-05,7.8092e+06,1,0.2,50,0.05,0.2
0.74811,9.8977e-22,9.9047e-05,7.8092e+06,1,0.201,50,0.05,0.201
0.74778,9.5245e-22,9.9548e-05,7.8092e+06,1,0.202,50,0.05,0.202
0.74746,9.1512e-22,0.00010005,7.8092e+06,1,0.203,50,0.05,0.203
0.74713,8.778e-22,0.00010055,7.8092e+06,1,0.204,50,0.05,0.204
0.74681,8.4047e-22,0.00010105,7.8092e+06,1,0.205,50,0.05,0.205
0.74648,8.0315e-22,0.00010155,7.8092e+06,1,0.206,50,0.05,0.206
0.74616,7.6582e-22,0.00010205,7.8092e+06,1,0.207,50,0.05,0.207
0.74583,7.285e-22,0.00010255,7.8092e+06,1,0.208,50,0.05,0.208
0.74551,6.9117e-22,0.00010306,7.8092e+06,1,0.209,50,0.05,0.209
0.74518,6.5385e-22,0.00010356,7.8092e+06,1,0.21,50,0.05,0.21
0.74486,6.1652e-22,0.00010406,7.8092e+06,1,0.211,50,0.05,0.211
0.74453,5.792e-22,0.00010456,7.8092e+06,1,0.212,50,0.05,0.212
0.74421,5.4187e-22,0.00010506,7.8092e+06,1,0.213,50,0.05,0.213
0.74388,5.0455e-22,0.00010556,7.8092e+06,1,0.214,50,0.05,0.214
0.74354,4.4853e-22,0.00010606,7.8092e+06,1,0.215,50,0.05,0.215
0.74319,3.7383e-22,0.00010657,7.8092e+06,1,0.216,50,0.05,0.216
0.74283,2.9913e-22,0.00010707,7.8092e+06,1,0.217,50,0.05,0.217
0.74248,2.2443e-22,0.00010757,7.8092e+06,1,0.218,50,0.05,0.218
0.74212,1.4973e-22,0.00010808,7.8092e+06,1,0.219,50,0.05,0.219
0.74177,7.5029e-23,0.00010858,7.8092e+06,1,0.22,50,0.05,0.22
0.74141,3.2763e-25,0.00010909,7.8092e+06,1,0.221,50,0.05,0.221
0.74105,-7.4373e-23,0.00010959,7.8092e+06,1,0.222,50,0.05,0.222
0.7407,-1.4907e-22,0.00011009,7.8092e+06,1,0.223,50,0.05,0.223
0.74034,-2.2378e-22,0.0001106,7.8092e+06,1,0.224,50,0.05,0.224
0.73999,-2.9848e-22,0.0001111,7.8092e+06,1,0.225,50,0.05,0.225
0.73963,-3.7318e-22,0.0001116,7.8092e+06,1,0.226,50,0.05,0.226
0.73928,-4.4788e-22,0.00011211,7.8092e+06,1,0.227,50,0.05,0.227
0.73892,-5.2258e-22,0.00011261,7.8092e+06,1,0.228,50,0.05,0.228
0.73857,-5.9728e-22,0.00011311,7.8092e+06,1,0.229,50,0.05,0.229
0.73821,-6.7198e-22,0.00011362,7.8092e+06,1,0.23,50,0.05,0.23
0.73785,-7.4668e-22,0.00011412,7.8092e+06,1,0.231,50,0.05,0.231
0.7375,-8.2138e-22,0.00011463,7.8092e+06,1,0.232,50,0.05,0.232
0.73714,-8.9608e-22,0.00011513,7.8092e+06,1,0.233,50,0.05,0.233
0.73679,-9.7078e-22,0.00011563,7.8092e+06,1,0.234,50,0.05,0.234
0.7364,-9.4587e-22,0.00011614,7.8092e+06,1,0.235,50,0.05,0.235
0.73601,-9.2095e-22,0.00011665,7.8092e+06,1,0.236,50,0.05,0.236
0.73563,-8.9603e-22,0.00011715,7.8092e+06,1,0.237,50,0.05,0.237
0.73524,-8.7112e-22,0.00011766,7.8092e+06,1,0.238,50,0.05,0.238
0.73486,-8.462e-22,0.00011816,7.8092e+06,1,0.239,50,0.05,0.239
0.73447,-8.2128e-22,0.00011867,7.8092e+06,1,0.24,50,0.05,0.24
0.73408,-7.9636e-22,0.00011918,7.8092e+06,1,0.241,50,0.05,0.241
0.7337,-7.7145e-22,0.00011968,7.8092e+06,1,0.242,50,0.05,0.242
0.73331,-7.4653e-22,0.00012019,7.8092e+06,1,0.243,50,0.05,0.243
0.73292,-7.2161e-22,0.0001207,7.8092e+06,1,0.244,50,0.05,0.244
0.73254,-6.967e-22,0.0001212,7.8092e+06,1,0.245,50,0.05,0.245
0.73215,-6.7178e-22,0.00012171,7.8092e+06,1,0.246,50,0.05,0.246
0.73176,-6.4686e-22,0.00012221,7.8092e+06,1,0.247,50,0.05,0.247
0.73138,-6.2194e-22,0.00012272,7.8092e+06,1,0.248,50,0.05,0.248
0.73099,-5.9703e-22,0.00012323,7.8092e+06,1,0.249,50,0.05,0.249
0.73061,-5.7211e-22,0.00012373,7.8092e+06,1,0.25,50,0.05,0.25
0.73022,-5.4719e-22,0.00012424,7.8092e+06,1,0.251,50,0.05,0.251
0.72983,-5.2228e-22,0.00012475,7.8092e+06,1,0.252,50,0.05,0.252
0.72945,-4.9736e-22,0.00012525,7.8092e+06,1,0.253,50,0.05,0.253
0.72904,-4.4758e-22,0.00012576,7.8092e+06,1,0.254,50,0.05,0.254
0.72863,-3.7293e-22,0.00012627,7.8092e+06,1,0.255,50,0.05,0.255
0.72821,-2.9827e-22,0.00012678,7.8092e+06,1,0.256,50,0.05,0.256
0.72779,-2.2362e-22,0.00012729,7.8092e+06,1,0.257,50,0.05,0.257
0.72738,-1.4897e-22,0.0001278,7.8092e+06,1,0.258,50,0.05,0.258
0.72696,-7.4323e-23,0.00012831,7.8092e+06,1,0.259,50,0.05,0.259
0.72654,3.2658e-25,0.00012882,7.8092e+06,1,0.26,50,0.05,0.26
0.72612,7.4978e-23,0.00012933,7.8092e+06,1,0.261,50,0.05,0.261
0.72571,1.4963e-22,0.00012983,7.8092e+06,1,0.262,50,0.05,0.262
0.72529,2.2428e-22,0.00013034,7.8092e+06,1,0.263,50,0.05,0.263
0.72487,2.9893e-22,0.00013085,7.8092e+06,1,0.264,50,0.05,0.264
0.72446,3.7358e-22,0.00013136,7.8092e+06,1,0.265,50,0.05,0.265
0.72404,4.4823e-22,0.00013187,7.8092e+06,1,0.266,50,0.05,0.266
0.72362,5.2288e-22,0.00013238,7.8092e+06,1,0.267,50,0.05,0.267
0.7232,5.9753e-22,0.00013289,7.8092e+06,1,0.268,50,0.05,0.268
0.72279,6.7218e-22,0.0001334,7.8092e+06,1,0.269,50,0.05,0.269
0.72237,7.4683e-22,0.00013391,7.8092e+06,1,0.27,50,0.05,0.27
0.72195,8.2148e-22,0.00013442,7.8092e+06,1,0.271,50,0.05,0.271
0.72153,8.9613e-22,0.00013493,7.8092e+06,1,0.272,50,0.05,0.272
0.72112,9.7078e-22,0.00013544,7.8092e+06,1,0.273,50,0.05,0.273
0.72067,9.4587e-22,0.00013595,7.8092e+06,1,0.274,50,0.05,0.274
0.72022,9.2095e-22,0.00013646,7.8092e+06,1,0.275,50,0.05,0.275
0.71977,8.9603e-22,0.00013697,7.8092e+06,1,0.276,50,0.05,0.276
0.71933,8.7112e-22,0.00013749,7.8092e+06,1,0.277,50,0.05,0.277
0.71888,8.462e-22,0.000138,7.8092e+06,1,0.278,50,0.05,0.278
0.71843,8.2128e-22,0.00013851,7.8092e+06,1,0.279,50,0.05,0.279
0.71798,7.9636e-22,0.00013902,7.8092e+06,1,0.28,50,0.05,0.28
0.71753,7.7145e-22,0.00013954,7.8092e+06,1,0.281,50,0.05,0.281
0.71709,7.4653e-22,0.00014005,7.8092e+06,1,0.282,50,0.05,0.282
0.71664,7.2161e-22,0.00014056,7.8092e+06,1,0.283,50,0.05,0.283
0.71619,6.967e-22,0.00014107,7.8092e+06,1,0.284,50,0.05,0.284
0.71574,6.7178e-22,0.00014159,7.8092e+06,1,0.285,50,0.05,0.285
0.71529,6.4686e-22,0.0001421,7.8092e+06,1,0.286,50,0.05,0.286
0.71485,6.2194e-22,0.00014261,7.8092e+06,1,0.287,50,0.05,0.287
0.7144,5.9703e-22,0.00014312,7.8092e+06,1,0.288,50,0.05,0.288
0.71395,5.7211e-22,0.00014363,7.8092e+06,1,0.289,50,0.05,0.289
0.7135,5.4719e-22,0.00014415,7.8092e+06,1,0.29,50,0.05,0.29
0.71305,5.2228e-22,0.00014466,7.8092e+06,1,0.291,50,0.05,0.291
0.71261,4.9736e-22,0.00014517,7.8092e+06,1,0.292,50,0.05,0.292
0.71214,4.4757e-22,0.00014569,7.8092e+06,1,0.293,50,0.05,0.293
0.71166,3.7292e-22,0.0001462,7.8092e+06,1,0.294,50,0.05,0.294
0.71119,2.9827e-22,0.00014672,7.8092e+06,1,0.295,50,0.05,0.295
0.71071,2.2362e-22,0.00014723,7.8092e+06,1,0.296,50,0.05,0.296
0.71023,1.4897e-22,0.00014775,7.8092e+06,1,0.297,50,0.05,0.297
0.70975,7.4321e-23,0.00014827,7.8092e+06,1,0.298,50,0.05,0.298
0.70927,-3.2807e-25,0.00014878,7.8092e+06,1,0.299,50,0.05,0.299
0.70879,-7.498e-23,0.0001493,7.8092e+06,1,0.3,50,0.05,0.3
0.70831,-1.4963e-22,0.00014981,7.8092e+06,1,0.301,50,0.05,0.301
0.70783,-2.2428e-22,0.00015033,7.8092e+06,1,0.302,50,0.05,0.302
0.70736,-2.9893e-22,0.00015084,7.8092e+06,1,0.303,50,0.05,0.303
0.70688,-3.7358e-22,0.00015136,7.8092e+06,1,0.304,50,0.05,0.304
0.7064,-4.4823e-22,0.00015188,7.8092e+06,1,0.305,50,0.05,0.305
0.70592,-5.2288e-22,0.00015239,7.8092e+06,1,0.306,50,0.05,0.306
0.70544,-5.9753e-22,0.00015291,7.8092e+06,1,0.307,50,0.05,0.307
0.70496,-6.7218e-22,0.00015342,7.8092e+06,1,0.308,50,0.05,0.308
0.70448,-7.4683e-22,0.00015394,7.8092e+06,1,0.309,50,0.05,0.309
0.704,-8.2148e-22,0.00015445,7.8092e+06,1,0.31,50,0.05,0.31
0.70353,-8.9613e-22,0.00015497,7.8092e+06,1,0.311,50,0.05,0.311
0.70305,-9.7078e-22,0.00015549,7.8092e+06,1,0.312,50,0.05,0.312
0.70254,-9.4592e-22,0.00015601,7.8092e+06,1,0.313,50,0.05,0.313
0.70203,-9.2105e-22,0.00015652,7.8092e+06,1,0.314,50,0.05,0.314
0.70152,-8.9618e-22,0.00015704,7.8092e+06,1,0.315,50,0.05,0.315
0.70101,-8.7132e-22,0.00015756,7.8092e+06,1,0.316,50,0.05,0.316
0.7005,-8.4645e-22,0.00015808,7.8092e+06,1,0.317,50,0.05,0.317
0.69999,-8.2158e-22,0.0001586,7.8092e+06,1,0.318,50,0.05,0.318
0.69948,-7.9672e-22,0.00015912,7.8092e+06,1,0.319,50,0.05,0.319
0.69897,-7.7185e-22,0.00015964,7.8092e+06,1,0.32,50,0.05,0.32
0.69846,-7.4698e-22,0.00016016,7.8092e+06,1,0.321,50,0.05,0.321
0.69795,-7.2212e-22,0.00016068,7.8092e+06,1,0.322,50,0.05,0.322
0.69744,-6.9725e-22,0.0001612,7.8092e+06,1,0.323,50,0.05,0.323
0.69693,-6.7238e-22,0.00016172,7.8092e+06,1,0.324,50,0.05,0.324
0.69642,-6.4752e-22,0.00016224,7.8092e+06,1,0.325,50,0.05,0.325
0.69591,-6.2265e-22,0.00016276,7.8092e+06,1,0.326,50,0.05,0.326
0.69541,-5.9778e-22,0.00016328,7.8092e+06,1,0.327,50,0.05,0.327
0.6949,-5.7292e-22,0.0001638,7.8092e+06,1,0.328,50,0.05,0.328
0.69439,-5.4805e-22,0.00016432,7.8092e+06,1,0.329,50,0.05,0.329
0.69388,-5.2318e-22,0.00016484,7.8092e+06,1,0.33,50,0.05,0.33
0.69337,-4.9832e-22,0.00016535,7.8092e+06,1,0.331,50,0.05,0.331
0.69284,-4.9832e-22,0.00016588,7.8092e+06,1,0.332,50,0.05,0.332
0.6923,-5.2318e-22,0.0001664,7.8092e+06,1,0.333,50,0.05,0.333
0.69176,-5.4805e-22,0.00016692,7.8092e+06,1,0.334,50,0.05,0.334
0.69122,-5.7292e-22,0.00016745,7.8092e+06,1,0.335,50,0.05,0.335
0.69068,-5.9778e-22,0.00016797,7.8092e+06,1,0.336,50,0.05,0.336
0.69014,-6.2265e-22,0.00016849,7.8092e+06,1,0.337,50,0.05,0.337
0.6896,-6.4752e-22,0.00016902,7.8092e+06,1,0.338,50,0.05,0.338
0.68906,-6.7238e-22,0.00016954,7.8092e+06,1,0.339,50,0.05,0.339
0.68852,-6.9725e-22,0.00017006,7.8092e+06,1,0.34,50,0.05,0.34
0.68798,-7.2212e-22,0.00017058,7.8092e+06,1,0.341,50,0.05,0.341
0.68744,-7.4698e-22,0.00017111,7.8092e+06,1,0.342,50,0.05,0.342
0.6869,-7.7185e-22,0.00017163,7.8092e+06,1,0.343,50,0.05,0.343
0.68636,-7.9672e-22,0.00017215,7.8092e+06,1,0.344,50,0.05,0.344
0.68582,-8.2158e-22,0.00017268,7.8092e+06,1,0.345,50,0.05,0.345
0.68528,-8.4645e-22,0.0001732,7.8092e+06,1,0.346,50,0.05,0.346
0.68474,-8.7132e-22,0.00017372,7.8092e+06,1,0.347,50,0.05,0.347
0.6842,-8.9618e-22,0.00017425,7.8092e+06,1,0.348,50,0.05,0.348
0.68366,-9.2105e-22,0.00017477,7.8092e+06,1,0.349,50,0.05,0.349
0.68312,-9.4592e-22,0.00017529,7.8092e+06,1,0.35,50,0.05,0.35
0.68258,-9.7078e-22,0.00017582,7.8092e+06,1,0.351,50,0.05,0.351
0.68201,-9.4592e-22,0.00017634,7.8092e+06,1,0.352,50,0.05,0.352
0.68144,-9.2105e-22,0.00017687,7.8092e+06,1,0.353,50,0.05,0.353
0.68087,-8.9618e-22,0.0001774,7.8092e+06,1,0.354,50,0.05,0.354
0.68029,-8.7132e-22,0.00017793,7.8092e+06,1,0.355,50,0.05,0.355
0.67972,-8.4645e-22,0.00017845,7.8092e+06,1,0.356,50,0.05,0.356
0.67915,-8.2158e-22,0.00017898,7.8092e+06,1,0.357,50,0.05,0.357
0.67858,-7.9672e-22,0.00017951,7.8092e+06,1,0.358,50,0.05,0.358
0.67801,-7.7185e-22,0.00018004,7.8092e+06,1,0.359,50,0.05,0.359
0.67744,-7.4698e-22,0.00018056,7.8092e+06,1,0.36,50,0.05,0.36
0.67687,-7.2212e-22,0.00018109,7.8092e+06,1,0.361,50,0.05,0.361
0.6763,-6.9725e-22,0.00018162,7.8092e+06,1,0.362,50,0.05,0.362
0.67573,-6.7238e-22,0.00018214,7.8092e+06,1,0.363,50,0.05,0.363
0.67516,-6.4752e-22,0.00018267,7.8092e+06,1,0.364,50,0.05,0.364
0.67458,-6.2265e-22,0.0001832,7.8092e+06,1,0.365,50,0.05,0.365
0.67401,-5.9778e-22,0.00018373,7.8092e+06,1,0.366,50,0.05,0.366
0.67344,-5.7292e-22,0.00018425,7.8092e+06,1,0.367,50,0.05,0.367
0.67287,-5.4805e-22,0.00018478,7.8092e+06,1,0.368,50,0.05,0.368
0.6723,-5.2318e-22,0.00018531,7.8092e+06,1,0.369,50,0.05,0.369
0.67173,-4.9832e-22,0.00018584,7.8092e+06,1,0.37,50,0.05,0.37
0.67114,-3.9875e-22,0.00018636,7.8092e+06,1,0.371,50,0.05,0.371
0.67054,-2.2448e-22,0.0001869,7.8092e+06,1,0.372,50,0.05,0.372
0.66994,-5.0213e-23,0.00018743,7.8092e+06,1,0.373,50,0.05,0.373
0.66934,1.2406e-22,0.00018796,7.8092e+06,1,0.374,50,0.05,0.374
0.66874,2.9833e-22,0.00018849,7.8092e+06,1,0.375,50,0.05,0.375
0.66813,4.7259e-22,0.00018902,7.8092e+06,1,0.376,50,0.05,0.376
0.66753,6.4686e-22,0.00018955,7.8092e+06,1,0.377,50,0.05,0.377
0.66693,8.2113e-22,0.00019009,7.8092e+06,1,0.378,50,0.05,0.378
0.66633,9.954e-22,0.00019062,7.8092e+06,1,0.379,50,0.05,0.379
0.66573,1.1697e-21,0.00019115,7.8092e+06,1,0.38,50,0.05,0.38
0.66513,1.3439e-21,0.00019168,7.8092e+06,1,0.381,50,0.05,0.381
0.66452,1.5182e-21,0.00019221,7.8092e+06,1,0.382,50,0.05,0.382
0.66392,1.6925e-21,0.00019274,7.8092e+06,1,0.383,50,0.05,0.383
0.66332,1.8667e-21,0.00019327,7.8092e+06,1,0.384,50,0.05,0.384
0.66272,2.041e-21,0.00019381,7.8092e+06,1,0.385,50,0.05,0.385
0.66212,2.2153e-21,0.00019434,7.8092e+06,1,0.386,50,0.05,0.386
0.66152,2.3895e-21,0.00019487,7.8092e+06,1,0.387,50,0.05,0.387
0.66091,2.5638e-21,0.0001954,7.8092e+06,1,0.388,50,0.05,0.388
0.66031,2.7381e-21,0.00019593,7.8092e+06,1,0.389,50,0.05,0.389
0.65971,2.9124e-21,0.00019646,7.8092e+06,1,0.39,50,0.05,0.39
0.65908,2.9124e-21,0.000197,7.8092e+06,1,0.391,50,0.05,0.391
0.65845,2.9125e-21,0.00019754,7.8092e+06,1,0.392,50,0.05,0.392
0.65781,2.9125e-21,0.00019807,7.8092e+06,1,0.393,50,0.05,0.393
0.65718,2.9126e-21,0.00019861,7.8092e+06,1,0.394,50,0.05,0.394
0.65655,2.9126e-21,0.00019914,7.8092e+06,1,0.395,50,0.05,0.395
0.65592,2.9127e-21,0.00019968,7.8092e+06,1,0.396,50,0.05,0.396
0.65528,2.9127e-21,0.00020022,7.8092e+06,1,0.397,50,0.05,0.397
0.65465,2.9128e-21,0.00020075,7.8092e+06,1,0.398,50,0.05,0.398
0.65402,2.9128e-21,0.00020129,7.8092e+06,1,0.399,50,0.05,0.399
0.65339,2.9129e-21,0.00020182,7.8092e+06,1,0.4,50,0.05,0.4
0.65275,2.9129e-21,0.00020236,7.8092e+06,1,0.401,50,0.05,0.401
0.65212,2.913e-21,0.0002029,7.8092e+06,1,0.402,50,0.05,0.402
0.65149,2.913e-21,0.00020343,7.8092e+06,1,0.403,50,0.05,0.403
0.65086,2.9131e-21,0.00020397,7.8092e+06,1,0.404,50,0.05,0.404
0.65023,2.9131e-21,0.00020451,7.8092e+06,1,0.405,50,0.05,0.405
0.64959,2.9132e-21,0.00020504,7.8092e+06,1,0.406,50,0.05,0.406
0.64896,2.9132e-21,0.00020558,7.8092e+06,1,0.407,50,0.05,0.407
0.64833,2.9133e-21,0.00020611,7.8092e+06,1,0.408,50,0.05,0.408
0.6477,2.9133e-21,0.00020665,7.8092e+06,1,0.409,50,0.05,0.409
0.64705,2.8137e-21,0.00020719,7.8092e+06,1,0.41,50,0.05,0.41
0.64638,2.6145e-21,0.00020773,7.8092e+06,1,0.411,50,0.05,0.411
0.64572,2.4152e-21,0.00020827,7.8092e+06,1,0.412,50,0.05,0.412
0.64506,2.216e-21,0.00020881,7.8092e+06,1,0.413,50,0.05,0.413
0.6444,2.0168e-21,0.00020935,7.8092e+06,1,0.414,50,0.05,0.414
0.64373,1.8175e-21,0.00020989,7.8092e+06,1,0.415,50,0.05,0.415
0.64307,1.6183e-21,0.00021043,7.8092e+06,1,0.416,50,0.05,0.416
0.64241,1.4191e-21,0.00021097,7.8092e+06,1,0.417,50,0.05,0.417
0.64174,1.2198e-21,0.00021151,7.8092e+06,1,0.418,50,0.05,0.418
0.64108,1.0206e-21,0.00021206,7.8092e+06,1,0.419,50,0.05,0.419
0.64042,8.2136e-22,0.0002126,7.8092e+06,1,0.42,50,0.05,0.42
0.63975,6.2212e-22,0.00021314,7.8092e+06,1,0.421,50,0.05,0.421
0.63909,4.2289e-22,0.00021368,7.8092e+06,1,0.422,50,0.05,0.422
0.63843,2.2365e-22,0.00021422,7.8092e+06,1,0.423,50,0.05,0.423
0.63776,2.4412e-23,0.00021476,7.8092e+06,1,0.424,50,0.05,0.424
0.6371,-1.7483e-22,0.0002153,7.8092e+06,1,0.425,50,0.05,0.425
0.63644,-3.7406e-22,0.00021584,7.8092e+06,1,0.426,50,0.05,0.426
0.63578,-5.733e-22,0.00021638,7.8092e+06,1,0.427,50,0.05,0.427
0.63511,-7.7253e-22,0.00021692,7.8092e+06,1,0.428,50,0.05,0.428
0.63445,-9.7177e-22,0.00021746,7.8092e+06,1,0.429,50,0.05,0.429
0.63376,-1.0215e-21,0.00021801,7.8092e+06,1,0.43,50,0.05,0.43
0.63306,-1.0712e-21,0.00021855,7.8092e+06,1,0.431,50,0.05,0.431
0.63237,-1.121e-21,0.0002191,7.8092e+06,1,0.432,50,0.05,0.432
0.63167,-1.1707e-21,0.00021965,7.8092e+06,1,0.433,50,0.05,0.433
0.63098,-1.2204e-21,0.00022019,7.8092e+06,1,0.434,50,0.05,0.434
0.63029,-1.2702e-21,0.00022074,7.8092e+06,1,0.435,50,0.05,0.435
0.62959,-1.3199e-21,0.00022128,7.8092e+06,1,0.436,50,0.05,0.436
0.6289,-1.3696e-21,0.00022183,7.8092e+06,1,0.437,50,0.05,0.437
0.6282,-1.4194e-21,0.00022237,7.8092e+06,1,0.438,50,0.05,0.438
0.62751,-1.4691e-21,0.00022292,7.8092e+06,1,0.439,50,0.05,0.439
0.62682,-1.5188e-21,0.00022347,7.8092e+06,1,0.44,50,0.05,0.44
0.62612,-1.5686e-21,0.00022401,7.8092e+06,1,0.441,50,0.05,0.441
0.62543,-1.6183e-21,0.00022456,7.8092e+06,1,0.442,50,0.05,0.442
0.62474,-1.668e-21,0.0002251,7.8092e+06,1,0.443,50,0.05,0.443
0.62404,-1.7178e-21,0.00022565,7.8092e+06,1,0.444,50,0.05,0.444
0.62335,-1.7675e-21,0.0002262,7.8092e+06,1,0.445,50,0.05,0.445
0.62265,-1.8172e-21,0.00022674,7.8092e+06,1,0.446,50,0.05,0.446
0.62196,-1.867e-21,0.00022729,7.8092e+06,1,0.447,50,0.05,0.447
0.62127,-1.9167e-21,0.00022783,7.8092e+06,1,0.448,50,0.05,0.448
0.62056,-1.8669e-21,0.00022838,7.8092e+06,1,0.449,50,0.05,0.449
0.61983,-1.7175e-21,0.00022893,7.8092e+06,1,0.45,50,0.05,0.45
0.61911,-1.5681e-21,0.00022948,7.8092e+06,1,0.451,50,0.05,0.451
0.61838,-1.4187e-21,0.00023003,7.8092e+06,1,0.452,50,0.05,0.452
0.61766,-1.2693e-21,0.00023058,7.8092e+06,1,0.453,50,0.05,0.453
0.61694,-1.1199e-21,0.00023114,7.8092e+06,1,0.454,50,0.05,0.454
0.61621,-9.7046e-22,0.00023169,7.8092e+06,1,0.455,50,0.05,0.455
0.61549,-8.2105e-22,0.00023224,7.8092e+06,1,0.456,50,0.05,0.456
0.61476,-6.7165e-22,0.00023279,7.8092e+06,1,0.457,50,0.05,0.457
0.61404,-5.2225e-22,0.00023334,7.8092e+06,1,0.458,50,0.05,0.458
0.61331,-3.7285e-22,0.00023389,7.8092e+06,1,0.459,50,0.05,0.459
0.61259,-2.2345e-22,0.00023444,7.8092e+06,1,0.46,50,0.05,0.46
0.61186,-7.4045e-23,0.00023499,7.8092e+06,1,0.461,50,0.05,0.461
0.61114,7.5359e-23,0.00023554,7.8092e+06,1,0.462,50,0.05,0.462
0.61042,2.2476e-22,0.00023609,7.8092e+06,1,0.463,50,0.05,0.463
0.60969,3.7416e-22,0.00023664,7.8092e+06,1,0.464,50,0.05,0.464
0.60897,5.2356e-22,0.0002372,7.8092e+06,1,0.465,50,0.05,0.465
0.60824,6.7296e-22,0.00023775,7.8092e+06,1,0.466,50,0.05,0.466
0.60752,8.2237e-22,0.0002383,7.8092e+06,1,0.467,50,0.05,0.467
0.60679,9.7177e-22,0.00023885,7.8092e+06,1,0.468,50,0.05,0.468
0.60604,9.2193e-22,0.0002394,7.8092e+06,1,0.469,50,0.05,0.469
0.60528,8.721e-22,0.00023996,7.8092e+06,1,0.47,50,0.05,0.47
0.60453,8.2227e-22,0.00024052,7.8092e+06,1,0.471,50,0.05,0.471
0.60377,7.7243e-22,0.00024107,7.8092e+06,1,0.472,50,0.05,0.472
0.60302,7.226e-22,0.00024163,7.8092e+06,1,0.473,50,0.05,0.473
0.60226,6.7276e-22,0.00024219,7.8092e+06,1,0.474,50,0.05,0.474
0.60151,6.2293e-22,0.00024274,7.8092e+06,1,0.475,50,0.05,0.475
0.60075,5.7309e-22,0.0002433,7.8092e+06,1,0.476,50,0.05,0.476
0.6,5.2326e-22,0.00024386,7.8092e+06,1,0.477,50,0.05,0.477
0.59924,4.7343e-22,0.00024441,7.8092e+06,1,0.478,50,0.05,0.478
0.59849,4.2359e-22,0.00024497,7.8092e+06,1,0.479,50,0.05,0.479
0.59773,3.7376e-22,0.00024552,7.8092e+06,1,0.48,50,0.05,0.48
0.59698,3.2392e-22,0.00024608,7.8092e+06,1,0.481,50,0.05,0.481
0.59622,2.7409e-22,0.00024664,7.8092e+06,1,0.482,50,0.05,0.482
0.59547,2.2425e-22,0.00024719,7.8092e+06,1,0.483,50,0.05,0.483
0.59471,1.7442e-22,0.00024775,7.8092e+06,1,0.484,50,0.05,0.484
0.59396,1.2459e-22,0.00024831,7.8092e+06,1,0.485,50,0.05,0.485
0.5932,7.4752e-23,0.00024886,7.8092e+06,1,0.486,50,0.05,0.486
0.59245,2.4918e-23,0.00024942,7.8092e+06,1,0.487,50,0.05,0.487
0.59168,-4.9783e-23,0.00024998,7.8092e+06,1,0.488,50,0.05,0.488
0.59089,-1.4935e-22,0.00025054,7.8092e+06,1,0.489,50,0.05,0.489
0.5901,-2.4892e-22,0.0002511,7.8092e+06,1,0.49,50,0.05,0.49
0.58932,-3.4849e-22,0.00025166,7.8092e+06,1,0.491,50,0.05,0.491
0.58853,-4.4805e-22,0.00025223,7.8092e+06,1,0.492,50,0.05,0.492
0.58775,-5.4762e-22,0.00025279,7.8092e+06,1,0.493,50,0.05,0.493
0.58696,-6.4719e-22,0.00025335,7.8092e+06,1,0.494,50,0.05,0.494
0.58617,-7.4676e-22,0.00025391,7.8092e+06,1,0.495,50,0.05,0.495
0.58539,-8.4632e-22,0.00025447,7.8092e+06,1,0.496,50,0.05,0.496
0.5846,-9.4589e-22,0.00025504,7.8092e+06,1,0.497,50,0.05,0.497
0.58382,-1.0455e-21,0.0002556,7.8092e+06,1,0.498,50,0.05,0.498
0.58303,-1.145e-21,0.00025616,7.8092e+06,1,0.499,50,0.05,0.499
0.58225,-1.2446e-21,0.00025672,7.8092e+06,1,0.5,50,0.05,0.5
0.58146,-1.3442e-21,0.00025728,7.8092e+06,1,0.501,50,0.05,0.501
0.58067,-1.4437e-21,0.00025785,7.8092e+06,1,0.502,50,0.05,0.502
0.57989,-1.5433e-21,0.00025841,7.8092e+06,1,0.503,50,0.05,0.503
0.5791,-1.6429e-21,0.00025897,7.8092e+06,1,0.504,50,0.05,0.504
0.57832,-1.7424e-21,0.00025953,7.8092e+06,1,0.505,50,0.05,0.505
0.57753,-1.842e-21,0.00026009,7.8092e+06,1,0.506,50,0.05,0.506
0.57675,-1.9416e-21,0.00026066,7.8092e+06,1,0.507,50,0.05,0.507
0.57593,-1.8917e-21,0.00026122,7.8092e+06,1,0.508,50,0.05,0.508
0.57511,-1.8419e-21,0.00026179,7.8092e+06,1,0.509,50,0.05,0.509
0.5743,-1.7921e-21,0.00026236,7.8092e+06,1,0.51,50,0.05,0.51
0.57348,-1.7422e-21,0.00026293,7.8092e+06,1,0.511,50,0.05,0.511
0.57266,-1.6924e-21,0.00026349,7.8092e+06,1,0.512,50,0.05,0.512
0.57185,-1.6426e-21,0.00026406,7.8092e+06,1,0.513,50,0.05,0.513
0.57103,-1.5927e-21,0.00026463,7.8092e+06,1,0.514,50,0.05,0.514
0.57021,-1.5429e-21,0.0002652,7.8092e+06,1,0.515,50,0.05,0.515
0.5694,-1.4931e-21,0.00026577,7.8092e+06,1,0.516,50,0.05,0.516
0.56858,-1.4432e-21,0.00026633,7.8092e+06,1,0.517,50,0.05,0.517
0.56777,-1.3934e-21,0.0002669,7.8092e+06,1,0.518,50,0.05,0.518
0.56695,-1.3436e-21,0.00026747,7.8092e+06,1,0.519,50,0.05,0.519
0.56613,-1.2937e-21,0.00026804,7.8092e+06,1,0.52,50,0.05,0.52
0.56532,-1.2439e-21,0.00026861,7.8092e+06,1,0.521,50,0.05,0.521
0.5645,-1.1941e-21,0.00026917,7.8092e+06,1,0.522,50,0.05,0.522
0.56368,-1.1442e-21,0.00026974,7.8092e+06,1,0.523,50,0.05,0.523
0.56287,-1.0944e-21,0.00027031,7.8092e+06,1,0.524,50,0.05,0.524
0.56205,-1.0446e-21,0.00027088,7.8092e+06,1,0.525,50,0.05,0.525
0.56123,-9.9472e-22,0.00027144,7.8092e+06,1,0.526,50,0.05,0.526
0.5604,-9.698e-22,0.00027202,7.8092e+06,1,0.527,50,0.05,0.527
0.55956,-9.698e-22,0.00027259,7.8092e+06,1,0.528,50,0.05,0.528
0.55871,-9.698e-22,0.00027316,7.8092e+06,1,0.529,50,0.05,0.529
0.55786,-9.698e-22,0.00027374,7.8092e+06,1,0.53,50,0.05,0.53
0.55701,-9.698e-22,0.00027431,7.8092e+06,1,0.531,50,0.05,0.531
0.55617,-9.698e-22,0.00027488,7.8092e+06,1,0.532,50,0.05,0.532
0.55532,-9.698e-22,0.00027546,7.8092e+06,1,0.533,50,0.05,0.533
0.55447,-9.698e-22,0.00027603,7.8092e+06,1,0.534,50,0.05,0.534
0.55363,-9.698e-22,0.00027661,7.8092e+06,1,0.535,50,0.05,0.535
0.55278,-9.698e-22,0.00027718,7.8092e+06,1,0.536,50,0.05,0.536
0.55193,-9.698e-22,0.00027775,7.8092e+06,1,0.537,50,0.05,0.537
0.55109,-9.698e-22,0.00027833,7.8092e+06,1,0.538,50,0.05,0.538
0.55024,-9.698e-22,0.0002789,7.8092e+06,1,0.539,50,0.05,0.539
0.54939,-9.698e-22,0.00027948,7.8092e+06,1,0.54,50,0.05,0.54
0.54854,-9.698e-22,0.00028005,7.8092e+06,1,0.541,50,0.05,0.541
0.5477,-9.698e-22,0.00028062,7.8092e+06,1,0.542,50,0.05,0.542
0.54685,-9.698e-22,0.0002812,7.8092e+06,1,0.543,50,0.05,0.543
0.546,-9.698e-22,0.00028177,7.8092e+06,1,0.544,50,0.05,0.544
0.54516,-9.698e-22,0.00028235,7.8092e+06,1,0.545,50,0.05,0.545
0.54431,-9.698e-22,0.00028292,7.8092e+06,1,0.546,50,0.05,0.546
0.54343,-7.7077e-22,0.0002835,7.8092e+06,1,0.547,50,0.05,0.547
0.54255,-5.7174e-22,0.00028408,7.8092e+06,1,0.548,50,0.05,0.548
0.54168,-3.7269e-22,0.00028466,7.8092e+06,1,0.549,50,0.05,0.549
0.5408,-1.7366e-22,0.00028524,7.8092e+06,1,0.55,50,0.05,0.55
0.53992,2.537e-23,0.00028582,7.8092e+06,1,0.551,50,0.05,0.551
0.53904,2.244e-22,0.0002864,7.8092e+06,1,0.552,50,0.05,0.552
0.53817,4.2343e-22,0.00028698,7.8092e+06,1,0.553,50,0.05,0.553
0.53729,6.2248e-22,0.00028756,7.8092e+06,1,0.554,50,0.05,0.554
0.53641,8.2151e-22,0.00028814,7.8092e+06,1,0.555,50,0.05,0.555
0.53553,1.0205e-21,0.00028872,7.8092e+06,1,0.556,50,0.05,0.556
0.53466,1.2196e-21,0.0002893,7.8092e+06,1,0.557,50,0.05,0.557
0.53378,1.4186e-21,0.00028988,7.8092e+06,1,0.558,50,0.05,0.558
0.5329,1.6176e-21,0.00029046,7.8092e+06,1,0.559,50,0.05,0.559
0.53202,1.8167e-21,0.00029104,7.8092e+06,1,0.56,50,0.05,0.56
0.53115,2.0157e-21,0.00029162,7.8092e+06,1,0.561,50,0.05,0.561
0.53027,2.2147e-21,0.0002922,7.8092e+06,1,0.562,50,0.05,0.562
0.52939,2.4138e-21,0.00029278,7.8092e+06,1,0.563,50,0.05,0.563
0.52851,2.6128e-21,0.00029336,7.8092e+06,1,0.564,50,0.05,0.564
0.52764,2.8118e-21,0.00029394,7.8092e+06,1,0.565,50,0.05,0.565
0.52674,2.9114e-21,0.00029453,7.8092e+06,1,0.566,50,0.05,0.566
0.52583,2.9114e-21,0.00029511,7.8092e+06,1,0.567,50,0.05,0.567
0.52493,2.9114e-21,0.0002957,7.8092e+06,1,0.568,50,0.05,0.568
0.52402,2.9114e-21,0.00029629,7.8092e+06,1,0.569,50,0.05,0.569
0.52311,2.9114e-21,0.00029687,7.8092e+06,1,0.57,50,0.05,0.57
0.5222,2.9114e-21,0.00029746,7.8092e+06,1,0.571,50,0.05,0.571
0.52129,2.9114e-21,0.00029805,7.8092e+06,1,0.572,50,0.05,0.572
0.52038,2.9114e-21,0.00029863,7.8092e+06,1,0.573,50,0.05,0.573
0.51948,2.9114e-21,0.00029922,7.8092e+06,1,0.574,50,0.05,0.574
0.51857,2.9114e-21,0.00029981,7.8092e+06,1,0.575,50,0.05,0.575
0.51766,2.9114e-21,0.00030039,7.8092e+06,1,0.576,50,0.05,0.576
0.51675,2.9114e-21,0.00030098,7.8092e+06,1,0.577,50,0.05,0.577
0.51584,2.9114e-21,0.00030157,7.8092e+06,1,0.578,50,0.05,0.578
0.51494,2.9114e-21,0.00030215,7.8092e+06,1,0.579,50,0.05,0.579
0.51403,2.9114e-21,0.00030274,7.8092e+06,1,0.58,50,0.05,0.58
0.51312,2.9114e-21,0.00030333,7.8092e+06,1,0.581,50,0.05,0.581
0.51221,2.9114e-21,0.00030391,7.8092e+06,1,0.582,50,0.05,0.582
0.5113,2.9114e-21,0.0003045,7.8092e+06,1,0.583,50,0.05,0.583
0.5104,2.9114e-21,0.00030509,7.8092e+06,1,0.584,50,0.05,0.584
0.50949,2.9114e-21,0.00030567,7.8092e+06,1,0.585,50,0.05,0.585
0.50855,2.6625e-21,0.00030627,7.8092e+06,1,0.586,50,0.05,0.586
0.50761,2.4136e-21,0.00030686,7.8092e+06,1,0.587,50,0.05,0.587
0.50667,2.1648e-21,0.00030745,7.8092e+06,1,0.588,50,0.05,0.588
0.50573,1.9159e-21,0.00030805,7.8092e+06,1,0.589,50,0.05,0.589
0.50479,1.667e-21,0.00030864,7.8092e+06,1,0.59,50,0.05,0.59
0.50385,1.4181e-21,0.00030924,7.8092e+06,1,0.591,50,0.05,0.591
0.50292,1.1693e-21,0.00030983,7.8092e+06,1,0.592,50,0.05,0.592
0.50198,9.2042e-22,0.00031042,7.8092e+06,1,0.593,50,0.05,0.593
0.50104,6.7155e-22,0.00031102,7.8092e+06,1,0.594,50,0.05,0.594
0.5001,4.2267e-22,0.00031161,7.8092e+06,1,0.595,50,0.05,0.595
0.49916,1.7381e-22,0.0003122,7.8092e+06,1,0.596,50,0.05,0.596
0.49822,-7.5058e-23,0.0003128,7.8092e+06,1,0.597,50,0.05,0.597
0.49728,-3.2392e-22,0.00031339,7.8092e+06,1,0.598,50,0.05,0.598
0.49634,-5.7279e-22,0.00031398,7.8092e+06,1,0.599,50,0.05,0.599
0.49541,-8.2167e-22,0.00031458,7.8092e+06,1,0.6,50,0.05,0.6
0.49447,-1.0705e-21,0.00031517,7.8092e+06,1,0.601,50,0.05,0.601
0.49353,-1.3194e-21,0.00031576,7.8092e+06,1,0.602,50,0.05,0.602
0.49259,-1.5683e-21,0.00031636,7.8092e+06,1,0.603,50,0.05,0.603
0.49165,-1.8171e-21,0.00031695,7.8092e+06,1,0.604,50,0.05,0.604
0.4907,-1.9416e-21,0.00031755,7.8092e+06,1,0.605,50,0.05,0.605
0.48973,-1.9416e-21,0.00031815,7.8092e+06,1,0.606,50,0.05,0.606
0.48876,-1.9416e-21,0.00031875,7.8092e+06,1,0.607,50,0.05,0.607
0.48779,-1.9416e-21,0.00031935,7.8092e+06,1,0.608,50,0.05,0.608
0.48682,-1.9416e-21,0.00031995,7.8092e+06,1,0.609,50,0.05,0.609
0.48585,-1.9416e-21,0.00032055,7.8092e+06,1,0.61,50,0.05,0.61
0.48488,-1.9416e-21,0.00032115,7.8092e+06,1,0.611,50,0.05,0.611
0.48391,-1.9416e-21,0.00032175,7.8092e+06,1,0.612,50,0.05,0.612
0.48294,-1.9416e-21,0.00032235,7.8092e+06,1,0.613,50,0.05,0.613
0.48197,-1.9416e-21,0.00032295,7.8092e+06,1,0.614,50,0.05,0.614
0.481,-1.9416e-21,0.00032355,7.8092e+06,1,0.615,50,0.05,0.615
0.48003,-1.9416e-21,0.00032415,7.8092e+06,1,0.616,50,0.05,0.616
0.47907,-1.9416e-21,0.00032475,7.8092e+06,1,0.617,50,0.05,0.617
0.4781,-1.9416e-21,0.00032535,7.8092e+06,1,0.618,50,0.05,0.618
0.47713,-1.9416e-21,0.00032595,7.8092e+06,1,0.619,50,0.05,0.619
0.47616,-1.9416e-21,0.00032655,7.8092e+06,1,0.62,50,0.05,0.62
0.47519,-1.9416e-21,0.00032715,7.8092e+06,1,0.621,50,0.05,0.621
0.47422,-1.9416e-21,0.00032775,7.8092e+06,1,0.622,50,0.05,0.622
0.47325,-1.9416e-21,0.00032836,7.8092e+06,1,0.623,50,0.05,0.623
0.47228,-1.9416e-21,0.00032896,7.8092e+06,1,0.624,50,0.05,0.624
0.47128,-1.842e-21,0.00032956,7.8092e+06,1,0.625,50,0.05,0.625
0.47028,-1.7424e-21,0.00033017,7.8092e+06,1,0.626,50,0.05,0.626
0.46928,-1.6429e-21,0.00033078,7.8092e+06,1,0.627,50,0.05,0.627
0.46828,-1.5433e-21,0.00033139,7.8092e+06,1,0.628,50,0.05,0.628
0.46728,-1.4437e-21,0.00033199,7.8092e+06,1,0.629,50,0.05,0.629
0.46628,-1.3442e-21,0.0003326,7.8092e+06,1,0.63,50,0.05,0.63
0.46528,-1.2446e-21,0.00033321,7.8092e+06,1,0.631,50,0.05,0.631
0.46428,-1.145e-21,0.00033382,7.8092e+06,1,0.632,50,0.05,0.632
0.46328,-1.0455e-21,0.00033442,7.8092e+06,1,0.633,50,0.05,0.633
0.46228,-9.4589e-22,0.00033503,7.8092e+06,1,0.634,50,0.05,0.634
0.46128,-8.4633e-22,0.00033564,7.8092e+06,1,0.635,50,0.05,0.635
0.46028,-7.4676e-22,0.00033625,7.8092e+06,1,0.636,50,0.05,0.636
0.45928,-6.4719e-22,0.00033686,7.8092e+06,1,0.637,50,0.05,0.637
0.45828,-5.4762e-22,0.00033746,7.8092e+06,1,0.638,50,0.05,0.638
0.45728,-4.4805e-22,0.00033807,7.8092e+06,1,0.639,50,0.05,0.639
0.45628,-3.4849e-22,0.00033868,7.8092e+06,1,0.64,50,0.05,0.64
0.45528,-2.4892e-22,0.00033929,7.8092e+06,1,0.641,50,0.05,0.641
0.45428,-1.4935e-22,0.00033989,7.8092e+06,1,0.642,50,0.05,0.642
0.45328,-4.978e-23,0.0003405,7.8092e+06,1,0.643,50,0.05,0.643
0.45227,1.3401e-34,0.00034111,7.8092e+06,1,0.644,50,0.05,0.644
0.45124,0,0.00034173,7.8092e+06,1,0.645,50,0.05,0.645
0.45021,0,0.00034234,7.8092e+06,1,0.646,50,0.05,0.646
0.44918,0,0.00034296,7.8092e+06,1,0.647,50,0.05,0.647
0.44815,0,0.00034357,7.8092e+06,1,0.648,50,0.05,0.648
0.44712,-9.8746e-35,0.00034419,7.8092e+06,1,0.649,50,0.05,0.649
0.44609,0,0.0003448,7.8092e+06,1,0.65,50,0.05,0.65
0.44506,0,0.00034542,7.8092e+06,1,0.651,50,0.05,0.651
0.44403,0,0.00034603,7.8092e+06,1,0.652,50,0.05,0.652
0.443,0,0.00034665,7.8092e+06,1,0.653,50,0.05,0.653
0.44197,0,0.00034726,7.8092e+06,1,0.654,50,0.05,0.654
0.44094,0,0.00034788,7.8092e+06,1,0.655,50,0.05,0.655
0.4399,0,0.00034849,7.8092e+06,1,0.656,50,0.05,0.656
0.43887,0,0.00034911,7.8092e+06,1,0.657,50,0.05,0.657
0.43784,0,0.00034972,7.8092e+06,1,0.658,50,0.05,0.658
0.43681,0,0.00035034,7.8092e+06,1,0.659,50,0.05,0.659
0.43578,0,0.00035095,7.8092e+06,1,0.66,50,0.05,0.66
0.43475,0,0.00035157,7.8092e+06,1,0.661,50,0.05,0.661
0.43372,0,0.00035218,7.8092e+06,1,0.662,50,0.05,0.662
0.43269,-2.9541e-36,0.0003528,7.8092e+06,1,0.663,50,0.05,0.663
0.43163,-4.9834e-23,0.00035342,7.8092e+06,1,0.664,50,0.05,0.664
0.43057,-9.967e-23,0.00035404,7.8092e+06,1,0.665,50,0.05,0.665
0.42951,-1.495e-22,0.00035467,7.8092e+06,1,0.666,50,0.05,0.666
0.42845,-1.9934e-22,0.00035529,7.8092e+06,1,0.667,50,0.05,0.667
0.42739,-2.4917e-22,0.00035591,7.8092e+06,1,0.668,50,0.05,0.668
0.42633,-2.9901e-22,0.00035653,7.8092e+06,1,0.669,50,0.05,0.669
0.42527,-3.4884e-22,0.00035716,7.8092e+06,1,0.67,50,0.05,0.67
0.42421,-3.9868e-22,0.00035778,7.8092e+06,1,0.671,50,0.05,0.671
0.42315,-4.4851e-22,0.0003584,7.8092e+06,1,0.672,50,0.05,0.672
0.42208,-4.9834e-22,0.00035903,7.8092e+06,1,0.673,50,0.05,0.673
0.42102,-5.4818e-22,0.00035965,7.8092e+06,1,0.674,50,0.05,0.674
0.41996,-5.9801e-22,0.00036027,7.8092e+06,1,0.675,50,0.05,0.675
0.4189,-6.4785e-22,0.00036089,7.8092e+06,1,0.676,50,0.05,0.676
0.41784,-6.9768e-22,0.00036152,7.8092e+06,1,0.677,50,0.05,0.677
0.41678,-7.4751e-22,0.00036214,7.8092e+06,1,0.678,50,0.05,0.678
0.41572,-7.9735e-22,0.00036276,7.8092e+06,1,0.679,50,0.05,0.679
0.41466,-8.4718e-22,0.00036338,7.8092e+06,1,0.68,50,0.05,0.68
0.4136,-8.9702e-22,0.00036401,7.8092e+06,1,0.681,50,0.05,0.681
0.41254,-9.4685e-22,0.00036463,7.8092e+06,1,0.682,50,0.05,0.682
0.41146,-9.7177e-22,0.00036526,7.8092e+06,1,0.683,50,0.05,0.683
0.41037,-9.7177e-22,0.00036589,7.8092e+06,1,0.684,50,0.05,0.684
0.40928,-9.7177e-22,0.00036652,7.8092e+06,1,0.685,50,0.05,0.685
0.40819,-9.7177e-22,0.00036715,7.8092e+06,1,0.686,50,0.05,0.686
0.4071,-9.7177e-22,0.00036778,7.8092e+06,1,0.687,50,0.05,0.687
0.406,-9.7177e-22,0.00036841,7.8092e+06,1,0.688,50,0.05,0.688
0.40491,-9.7177e-22,0.00036904,7.8092e+06,1,0.689,50,0.05,0.689
0.40382,-9.7177e-22,0.00036967,7.8092e+06,1,0.69,50,0.05,0.69
0.40273,-9.7177e-22,0.0003703,7.8092e+06,1,0.691,50,0.05,0.691
0.40164,-9.7177e-22,0.00037093,7.8092e+06,1,0.692,50,0.05,0.692
0.40055,-9.7177e-22,0.00037156,7.8092e+06,1,0.693,50,0.05,0.693
0.39946,-9.7177e-22,0.00037219,7.8092e+06,1,0.694,50,0.05,0.694
0.39837,-9.7177e-22,0.00037282,7.8092e+06,1,0.695,50,0.05,0.695
0.39727,-9.7177e-22,0.00037345,7.8092e+06,1,0.696,50,0.05,0.696
0.39618,-9.7177e-22,0.00037408,7.8092e+06,1,0.697,50,0.05,0.697
0.39509,-9.7177e-22,0.00037472,7.8092e+06,1,0.698,50,0.05,0.698
0.394,-9.7177e-22,0.00037535,7.8092e+06,1,0.699,50,0.05,0.699
0.39291,-9.7177e-22,0.00037598,7.8092e+06,1,0.7,50,0.05,0.7
0.39182,-9.7177e-22,0.00037661,7.8092e+06,1,0.701,50,0.05,0.701
0.39073,-9.7177e-22,0.00037724,7.8092e+06,1,0.702,50,0.05,0.702
0.3896,-9.7167e-22,0.00037788,7.8092e+06,1,0.703,50,0.05,0.703
0.38848,-9.7157e-22,0.00037851,7.8092e+06,1,0.704,50,0.05,0.704
0.38736,-9.7147e-22,0.00037915,7.8092e+06,1,0.705,50,0.05,0.705
0.38624,-9.7137e-22,0.00037979,7.8092e+06,1,0.706,50,0.05,0.706
0.38512,-9.7127e-22,0.00038043,7.8092e+06,1,0.707,50,0.05,0.707
0.384,-9.7116e-22,0.00038107,7.8092e+06,1,0.708,50,0.05,0.708
0.38287,-9.7106e-22,0.00038171,7.8092e+06,1,0.709,50,0.05,0.709
0.38175,-9.7096e-22,0.00038235,7.8092e+06,1,0.71,50,0.05,0.71
0.38063,-9.7086e-22,0.00038299,7.8092e+06,1,0.711,50,0.05,0.711
0.37951,-9.7076e-22,0.00038362,7.8092e+06,1,0.712,50,0.05,0.712
0.37839,-9.7066e-22,0.00038426,7.8092e+06,1,0.713,50,0.05,0.713
0.37727,-9.7056e-22,0.0003849,7.8092e+06,1,0.714,50,0.05,0.714
0.37614,-9.7046e-22,0.00038554,7.8092e+06,1,0.715,50,0.05,0.715
0.37502,-9.7036e-22,0.00038618,7.8092e+06,1,0.716,50,0.05,0.716
0.3739,-9.7026e-22,0.00038682,7.8092e+06,1,0.717,50,0.05,0.717
0.37278,-9.7016e-22,0.00038746,7.8092e+06,1,0.718,50,0.05,0.718
0.37166,-9.7005e-22,0.00038809,7.8092e+06,1,0.719,50,0.05,0.719
0.37053,-9.6995e-22,0.00038873,7.8092e+06,1,0.72,50,0.05,0.72
0.36941,-9.6985e-22,0.00038937,7.8092e+06,1,0.721,50,0.05,0.721
0.36828,-9.2002e-22,0.00039001,7.8092e+06,1,0.722,50,0.05,0.722
0.36712,-8.2045e-22,0.00039066,7.8092e+06,1,0.723,50,0.05,0.723
0.36597,-7.2088e-22,0.00039131,7.8092e+06,1,0.724,50,0.05,0.724
0.36482,-6.2131e-22,0.00039196,7.8092e+06,1,0.725,50,0.05,0.725
0.36367,-5.2174e-22,0.0003926,7.8092e+06,1,0.726,50,0.05,0.726
0.36252,-4.2218e-22,0.00039325,7.8092e+06,1,0.727,50,0.05,0.727
0.36136,-3.2261e-22,0.0003939,7.8092e+06,1,0.728,50,0.05,0.728
0.36021,-2.2304e-22,0.00039454,7.8092e+06,1,0.729,50,0.05,0.729
0.35906,-1.2347e-22,0.00039519,7.8092e+06,1,0.73,50,0.05,0.73
0.35791,-2.3906e-23,0.00039584,7.8092e+06,1,0.731,50,0.05,0.731
0.35675,7.566e-23,0.00039648,7.8092e+06,1,0.732,50,0.05,0.732
0.3556,1.7523e-22,0.00039713,7.8092e+06,1,0.733,50,0.05,0.733
0.35445,2.748e-22,0.00039778,7.8092e+06,1,0.734,50,0.05,0.734
0.3533,3.7437e-22,0.00039843,7.8092e+06,1,0.735,50,0.05,0.735
0.35215,4.7393e-22,0.00039907,7.8092e+06,1,0.736,50,0.05,0.736
0.35099,5.735e-22,0.00039972,7.8092e+06,1,0.737,50,0.05,0.737
0.34984,6.7306e-22,0.00040037,7.8092e+06,1,0.738,50,0.05,0.738
0.34869,7.7264e-22,0.00040101,7.8092e+06,1,0.739,50,0.05,0.739
0.34754,8.722e-22,0.00040166,7.8092e+06,1,0.74,50,0.05,0.74
0.34638,9.7177e-22,0.00040231,7.8092e+06,1,0.741,50,0.05,0.741
0.3452,9.2184e-22,0.00040296,7.8092e+06,1,0.742,50,0.05,0.742
0.34402,8.719e-22,0.00040362,7.8092e+06,1,0.743,50,0.05,0.743
0.34284,8.2196e-22,0.00040427,7.8092e+06,1,0.744,50,0.05,0.744
0.34165,7.7203e-22,0.00040493,7.8092e+06,1,0.745,50,0.05,0.745
0.34047,7.2209e-22,0.00040558,7.8092e+06,1,0.746,50,0.05,0.746
0.33929,6.7216e-22,0.00040624,7.8092e+06,1,0.747,50,0.05,0.747
0.33811,6.2222e-22,0.0004069,7.8092e+06,1,0.748,50,0.05,0.748
0.33692,5.7229e-22,0.00040755,7.8092e+06,1,0.749,50,0.05,0.749
0.33574,5.2235e-22,0.00040821,7.8092e+06,1,0.75,50,0.05,0.75
0.33456,4.7242e-22,0.00040886,7.8092e+06,1,0.751,50,0.05,0.751
0.33338,4.2248e-22,0.00040952,7.8092e+06,1,0.752,50,0.05,0.752
0.33219,3.7255e-22,0.00041017,7.8092e+06,1,0.753,50,0.05,0.753
0.33101,3.2261e-22,0.00041083,7.8092e+06,1,0.754,50,0.05,0.754
0.32983,2.7268e-22,0.00041148,7.8092e+06,1,0.755,50,0.05,0.755
0.32865,2.2274e-22,0.00041214,7.8092e+06,1,0.756,50,0.05,0.756
0.32746,1.728e-22,0.0004128,7.8092e+06,1,0.757,50,0.05,0.757
0.32628,1.2287e-22,0.00041345,7.8092e+06,1,0.758,50,0.05,0.758
0.3251,7.2935e-23,0.00041411,7.8092e+06,1,0.759,50,0.05,0.759
0.32392,2.3e-23,0.00041476,7.8092e+06,1,0.76,50,0.05,0.76
0.32272,-1.9183e-24,0.00041542,7.8092e+06,1,0.761,50,0.05,0.761
0.3215,-1.8173e-24,0.00041609,7.8092e+06,1,0.762,50,0.05,0.762
0.32029,-1.7164e-24,0.00041675,7.8092e+06,1,0.763,50,0.05,0.763
0.31908,-1.6154e-24,0.00041741,7.8092e+06,1,0.764,50,0.05,0.764
0.31787,-1.5145e-24,0.00041808,7.8092e+06,1,0.765,50,0.05,0.765
0.31665,-1.4135e-24,0.00041874,7.8092e+06,1,0.766,50,0.05,0.766
0.31544,-1.3125e-24,0.00041941,7.8092e+06,1,0.767,50,0.05,0.767
0.31423,-1.2116e-24,0.00042007,7.8092e+06,1,0.768,50,0.05,0.768
0.31301,-1.1106e-24,0.00042074,7.8092e+06,1,0.769,50,0.05,0.769
0.3118,-1.0096e-24,0.0004214,7.8092e+06,1,0.77,50,0.05,0.77
0.31059,-9.0867e-25,0.00042206,7.8092e+06,1,0.771,50,0.05,0.771
0.30937,-8.0771e-25,0.00042273,7.8092e+06,1,0.772,50,0.05,0.772
0.30816,-7.0675e-25,0.00042339,7.8092e+06,1,0.773,50,0.05,0.773
0.30695,-6.0578e-25,0.00042406,7.8092e+06,1,0.774,50,0.05,0.774
0.30574,-5.0482e-25,0.00042472,7.8092e+06,1,0.775,50,0.05,0.775
0.30452,-4.0385e-25,0.00042539,7.8092e+06,1,0.776,50,0.05,0.776
0.30331,-3.0289e-25,0.00042605,7.8092e+06,1,0.777,50,0.05,0.777
0.3021,-2.0193e-25,0.00042671,7.8092e+06,1,0.778,50,0.05,0.778
0.30088,-1.0096e-25,0.00042738,7.8092e+06,1,0.779,50,0.05,0.779
0.29967,2.1858e-39,0.00042804,7.8092e+06,1,0.78,50,0.05,0.78
0.29843,2.9882e-22,0.00042872,7.8092e+06,1,0.781,50,0.05,0.781
0.29718,5.9762e-22,0.00042939,7.8092e+06,1,0.782,50,0.05,0.782
0.29594,8.9642e-22,0.00043006,7.8092e+06,1,0.783,50,0.05,0.783
0.2947,1.1952e-21,0.00043074,7.8092e+06,1,0.784,50,0.05,0.784
0.29345,1.494e-21,0.00043141,7.8092e+06,1,0.785,50,0.05,0.785
0.29221,1.7928e-21,0.00043208,7.8092e+06,1,0.786,50,0.05,0.786
0.29097,2.0916e-21,0.00043275,7.8092e+06,1,0.787,50,0.05,0.787
0.28972,2.3904e-21,0.00043343,7.8092e+06,1,0.788,50,0.05,0.788
0.28848,2.6892e-21,0.0004341,7.8092e+06,1,0.789,50,0.05,0.789
0.28724,2.9881e-21,0.00043477,7.8092e+06,1,0.79,50,0.05,0.79
0.28599,3.2869e-21,0.00043545,7.8092e+06,1,0.791,50,0.05,0.791
0.28475,3.5857e-21,0.00043612,7.8092e+06,1,0.792,50,0.05,0.792
0.28351,3.8845e-21,0.00043679,7.8092e+06,1,0.793,50,0.05,0.793
0.28226,4.1833e-21,0.00043747,7.8092e+06,1,0.794,50,0.05,0.794
0.28102,4.4821e-21,0.00043814,7.8092e+06,1,0.795,50,0.05,0.795
0.27978,4.7809e-21,0.00043881,7.8092e+06,1,0.796,50,0.05,0.796
0.27853,5.0797e-21,0.00043949,7.8092e+06,1,0.797,50,0.05,0.797
0.27729,5.3785e-21,0.00044016,7.8092e+06,1,0.798,50,0.05,0.798
0.27605,5.6773e-21,0.00044083,7.8092e+06,1,0.799,50,0.05,0.799
0.27479,5.6773e-21,0.00044151,7.8092e+06,1,0.8,50,0.05,0.8
0.27351,5.3785e-21,0.00044219,7.8092e+06,1,0.801,50,0.05,0.801
0.27224,5.0797e-21,0.00044288,7.8092e+06,1,0.802,50,0.05,0.802
0.27097,4.7809e-21,0.00044356,7.8092e+06,1,0.803,50,0.05,0.803
0.26969,4.4821e-21,0.00044424,7.8092e+06,1,0.804,50,0.05,0.804
0.26842,4.1833e-21,0.00044492,7.8092e+06,1,0.805,50,0.05,0.805
0.26715,3.8845e-21,0.00044561,7.8092e+06,1,0.806,50,0.05,0.806
0.26587,3.5857e-21,0.00044629,7.8092e+06,1,0.807,50,0.05,0.807
0.2646,3.2868e-21,0.00044697,7.8092e+06,1,0.808,50,0.05,0.808
0.26332,2.988e-21,0.00044765,7.8092e+06,1,0.809,50,0.05,0.809
0.26205,2.6892e-21,0.00044834,7.8092e+06,1,0.81,50,0.05,0.81
0.26078,2.3904e-21,0.00044902,7.8092e+06,1,0.811,50,0.05,0.811
0.2595,2.0916e-21,0.0004497,7.8092e+06,1,0.812,50,0.05,0.812
0.25823,1.7928e-21,0.00045038,7.8092e+06,1,0.813,50,0.05,0.813
0.25696,1.494e-21,0.00045107,7.8092e+06,1,0.814,50,0.05,0.814
0.25568,1.1952e-21,0.00045175,7.8092e+06,1,0.815,50,0.05,0.815
0.25441,8.9642e-22,0.00045243,7.8092e+06,1,0.816,50,0.05,0.816
0.25313,5.9762e-22,0.00045311,7.8092e+06,1,0.817,50,0.05,0.817
0.25186,2.988e-22,0.0004538,7.8092e+06,1,0.818,50,0.05,0.818
0.25059,2.0195e-28,0.00045448,7.8092e+06,1,0.819,50,0.05,0.819
0.24928,2.4337e-28,0.00045517,7.8092e+06,1,0.82,50,0.05,0.82
0.24798,2.848e-28,0.00045586,7.8092e+06,1,0.821,50,0.05,0.821
0.24667,3.2623e-28,0.00045655,7.8092e+06,1,0.822,50,0.05,0.822
0.24537,3.6765e-28,0.00045724,7.8092e+06,1,0.823,50,0.05,0.823
0.24407,4.0907e-28,0.00045794,7.8092e+06,1,0.824,50,0.05,0.824
0.24276,4.505e-28,0.00045863,7.8092e+06,1,0.825,50,0.05,0.825
0.24146,4.9192e-28,0.00045932,7.8092e+06,1,0.826,50,0.05,0.826
0.24015,5.3335e-28,0.00046001,7.8092e+06,1,0.827,50,0.05,0.827
0.23885,5.7478e-28,0.0004607,7.8092e+06,1,0.828,50,0.05,0.828
0.23755,6.162e-28,0.0004614,7.8092e+06,1,0.829,50,0.05,0.829
0.23624,6.5763e-28,0.00046209,7.8092e+06,1,0.83,50,0.05,0.83
0.23494,6.9905e-28,0.00046278,7.8092e+06,1,0.831,50,0.05,0.831
0.23363,7.4048e-28,0.00046347,7.8092e+06,1,0.832,50,0.05,0.832
0.23233,7.819e-28,0.00046416,7.8092e+06,1,0.833,50,0.05,0.833
0.23103,8.2333e-28,0.00046486,7.8092e+06,1,0.834,50,0.05,0.834
0.22972,8.6475e-28,0.00046555,7.8092e+06,1,0.835,50,0.05,0.835
0.22842,9.0618e-28,0.00046624,7.8092e+06,1,0.836,50,0.05,0.836
0.22711,9.476e-28,0.00046693,7.8092e+06,1,0.837,50,0.05,0.837
0.22581,9.8903e-28,0.00046762,7.8092e+06,1,0.838,50,0.05,0.838
0.22449,9.9562e-23,0.00046832,7.8092e+06,1,0.839,50,0.05,0.839
0.22316,2.987e-22,0.00046902,7.8092e+06,1,0.84,50,0.05,0.84
0.22182,4.9784e-22,0.00046972,7.8092e+06,1,0.841,50,0.05,0.841
0.22049,6.9697e-22,0.00047042,7.8092e+06,1,0.842,50,0.05,0.842
0.21915,8.9611e-22,0.00047113,7.8092e+06,1,0.843,50,0.05,0.843
0.21782,1.0952e-21,0.00047183,7.8092e+06,1,0.844,50,0.05,0.844
0.21648,1.2944e-21,0.00047253,7.8092e+06,1,0.845,50,0.05,0.845
0.21515,1.4935e-21,0.00047323,7.8092e+06,1,0.846,50,0.05,0.846
0.21382,1.6927e-21,0.00047393,7.8092e+06,1,0.847,50,0.05,0.847
0.21248,1.8918e-21,0.00047463,7.8092e+06,1,0.848,50,0.05,0.848
0.21115,2.0909e-21,0.00047533,7.8092e+06,1,0.849,50,0.05,0.849
0.20981,2.2901e-21,0.00047604,7.8092e+06,1,0.85,50,0.05,0.85
0.20848,2.4892e-21,0.00047674,7.8092e+06,1,0.851,50,0.05,0.851
0.20714,2.6883e-21,0.00047744,7.8092e+06,1,0.852,50,0.05,0.852
0.20581,2.8875e-21,0.00047814,7.8092e+06,1,0.853,50,0.05,0.853
0.20447,3.0866e-21,0.00047884,7.8092e+06,1,0.854,50,0.05,0.854
0.20314,3.2857e-21,0.00047954,7.8092e+06,1,0.855,50,0.05,0.855
0.20181,3.4849e-21,0.00048024,7.8092e+06,1,0.856,50,0.05,0.856
0.20047,3.684e-21,0.00048095,7.8092e+06,1,0.857,50,0.05,0.857
0.19914,3.8831e-21,0.00048165,7.8092e+06,1,0.858,50,0.05,0.858
0.19777,3.5843e-21,0.00048236,7.8092e+06,1,0.859,50,0.05,0.859
0.19641,3.2855e-21,0.00048307,7.8092e+06,1,0.86,50,0.05,0.86
0.19504,2.9867e-21,0.00048378,7.8092e+06,1,0.861,50,0.05,0.861
0.19368,2.6879e-21,0.00048449,7.8092e+06,1,0.862,50,0.05,0.862
0.19231,2.3891e-21,0.0004852,7.8092e+06,1,0.863,50,0.05,0.863
0.19095,2.0903e-21,0.00048592,7.8092e+06,1,0.864,50,0.05,0.864
0.18958,1.7915e-21,0.00048663,7.8092e+06,1,0.865,50,0.05,0.865
0.18822,1.4927e-21,0.00048734,7.8092e+06,1,0.866,50,0.05,0.866
0.18685,1.1939e-21,0.00048805,7.8092e+06,1,0.867,50,0.05,0.867
0.18549,8.9511e-22,0.00048876,7.8092e+06,1,0.868,50,0.05,0.868
0.18413,5.9629e-22,0.00048947,7.8092e+06,1,0.869,50,0.05,0.869
0.18276,2.9749e-22,0.00049018,7.8092e+06,1,0.87,50,0.05,0.87
0.1814,-1.3117e-24,0.0004909,7.8092e+06,1,0.871,50,0.05,0.871
0.18003,-3.0011e-22,0.00049161,7.8092e+06,1,0.872,50,0.05,0.872
0.17867,-5.9893e-22,0.00049232,7.8092e+06,1,0.873,50,0.05,0.873
0.1773,-8.9773e-22,0.00049303,7.8092e+06,1,0.874,50,0.05,0.874
0.17594,-1.1965e-21,0.00049374,7.8092e+06,1,0.875,50,0.05,0.875
0.17457,-1.4953e-21,0.00049445,7.8092e+06,1,0.876,50,0.05,0.876
0.17321,-1.7941e-21,0.00049516,7.8092e+06,1,0.877,50,0.05,0.877
0.17183,-1.9933e-21,0.00049588,7.8092e+06,1,0.878,50,0.05,0.878
0.17043,-2.0927e-21,0.0004966,7.8092e+06,1,0.879,50,0.05,0.879
0.16904,-2.1922e-21,0.00049732,7.8092e+06,1,0.88,50,0.05,0.88
0.16764,-2.2917e-21,0.00049804,7.8092e+06,1,0.881,50,0.05,0.881
0.16625,-2.3911e-21,0.00049877,7.8092e+06,1,0.882,50,0.05,0.882
0.16485,-2.4906e-21,0.00049949,7.8092e+06,1,0.883,50,0.05,0.883
0.16346,-2.5901e-21,0.00050021,7.8092e+06,1,0.884,50,0.05,0.884
0.16206,-2.6895e-21,0.00050093,7.8092e+06,1,0.885,50,0.05,0.885
0.16067,-2.789e-21,0.00050165,7.8092e+06,1,0.886,50,0.05,0.886
0.15927,-2.8885e-21,0.00050237,7.8092e+06,1,0.887,50,0.05,0.887
0.15788,-2.9879e-21,0.00050309,7.8092e+06,1,0.888,50,0.05,0.888
0.15648,-3.0874e-21,0.00050382,7.8092e+06,1,0.889,50,0.05,0.889
0.15509,-3.1869e-21,0.00050454,7.8092e+06,1,0.89,50,0.05,0.89
0.15369,-3.2863e-21,0.00050526,7.8092e+06,1,0.891,50,0.05,0.891
0.1523,-3.3858e-21,0.00050598,7.8092e+06,1,0.892,50,0.05,0.892
0.1509,-3.4853e-21,0.0005067,7.8092e+06,1,0.893,50,0.05,0.893
0.14951,-3.5847e-21,0.00050742,7.8092e+06,1,0.894,50,0.05,0.894
0.14811,-3.6842e-21,0.00050814,7.8092e+06,1,0.895,50,0.05,0.895
0.14672,-3.7837e-21,0.00050887,7.8092e+06,1,0.896,50,0.05,0.896
0.14532,-3.8831e-21,0.00050959,7.8092e+06,1,0.897,50,0.05,0.897
0.1439,-3.7835e-21,0.00051032,7.8092e+06,1,0.898,50,0.05,0.898
0.14247,-3.6838e-21,0.00051105,7.8092e+06,1,0.899,50,0.05,0.899
0.14105,-3.5841e-21,0.00051178,7.8092e+06,1,0.9,50,0.05,0.9
0.13962,-3.4845e-21,0.00051251,7.8092e+06,1,0.901,50,0.05,0.901
0.1382,-3.3848e-21,0.00051325,7.8092e+06,1,0.902,50,0.05,0.902
0.13677,-3.2851e-21,0.00051398,7.8092e+06,1,0.903,50,0.05,0.903
0.13535,-3.1855e-21,0.00051471,7.8092e+06,1,0.904,50,0.05,0.904
0.13392,-3.0858e-21,0.00051544,7.8092e+06,1,0.905,50,0.05,0.905
0.1325,-2.9861e-21,0.00051617,7.8092e+06,1,0.906,50,0.05,0.906
0.13107,-2.8865e-21,0.0005169,7.8092e+06,1,0.907,50,0.05,0.907
0.12965,-2.7868e-21,0.00051764,7.8092e+06,1,0.908,50,0.05,0.908
0.12822,-2.6871e-21,0.00051837,7.8092e+06,1,0.909,50,0.05,0.909
0.1268,-2.5874e-21,0.0005191,7.8092e+06,1,0.91,50,0.05,0.91
0.12537,-2.4878e-21,0.00051983,7.8092e+06,1,0.911,50,0.05,0.911
0.12395,-2.3881e-21,0.00052056,7.8092e+06,1,0.912,50,0.05,0.912
0.12252,-2.2884e-21,0.00052129,7.8092e+06,1,0.913,50,0.05,0.913
0.12109,-2.1888e-21,0.00052203,7.8092e+06,1,0.914,50,0.05,0.914
0.11967,-2.0891e-21,0.00052276,7.8092e+06,1,0.915,50,0.05,0.915
0.11824,-1.9894e-21,0.00052349,7.8092e+06,1,0.916,50,0.05,0.916
0.1168,-1.8401e-21,0.00052423,7.8092e+06,1,0.917,50,0.05,0.917
0.11535,-1.6412e-21,0.00052497,7.8092e+06,1,0.918,50,0.05,0.918
0.11389,-1.4423e-21,0.00052571,7.8092e+06,1,0.919,50,0.05,0.919
0.11244,-1.2433e-21,0.00052645,7.8092e+06,1,0.92,50,0.05,0.92
0.11098,-1.0444e-21,0.0005272,7.8092e+06,1,0.921,50,0.05,0.921
0.10953,-8.4547e-22,0.00052794,7.8092e+06,1,0.922,50,0.05,0.922
0.10807,-6.4653e-22,0.00052868,7.8092e+06,1,0.923,50,0.05,0.923
0.10662,-4.4759e-22,0.00052942,7.8092e+06,1,0.924,50,0.05,0.924
0.10516,-2.4866e-22,0.00053016,7.8092e+06,1,0.925,50,0.05,0.925
0.1037,-4.9729e-23,0.00053091,7.8092e+06,1,0.926,50,0.05,0.926
0.10225,1.492e-22,0.00053165,7.8092e+06,1,0.927,50,0.05,0.927
0.10079,3.4813e-22,0.00053239,7.8092e+06,1,0.928,50,0.05,0.928
0.099339,5.4708e-22,0.00053313,7.8092e+06,1,0.929,50,0.05,0.929
0.097883,7.4601e-22,0.00053388,7.8092e+06,1,0.93,50,0.05,0.93
0.096428,9.4494e-22,0.00053462,7.8092e+06,1,0.931,50,0.05,0.931
0.094972,1.1439e-21,0.00053536,7.8092e+06,1,0.932,50,0.05,0.932
0.093517,1.3428e-21,0.0005361,7.8092e+06,1,0.933,50,0.05,0.933
0.092061,1.5417e-21,0.00053684,7.8092e+06,1,0.934,50,0.05,0.934
0.090606,1.7407e-21,0.00053759,7.8092e+06,1,0.935,50,0.05,0.935
0.08915,1.9396e-21,0.00053833,7.8092e+06,1,0.936,50,0.05,0.936
0.087665,2.0069e-21,0.00053908,7.8092e+06,1,0.937,50,0.05,0.937
0.086179,2.0741e-21,0.00053984,7.8092e+06,1,0.938,50,0.05,0.938
0.084693,2.1414e-21,0.00054059,7.8092e+06,1,0.939,50,0.05,0.939
0.083208,2.2087e-21,0.00054134,7.8092e+06,1,0.94,50,0.05,0.94
0.081722,2.2759e-21,0.0005421,7.8092e+06,1,0.941,50,0.05,0.941
0.080236,2.3432e-21,0.00054285,7.8092e+06,1,0.942,50,0.05,0.942
0.078751,2.4105e-21,0.00054361,7.8092e+06,1,0.943,50,0.05,0.943
0.077265,2.4777e-21,0.00054436,7.8092e+06,1,0.944,50,0.05,0.944
0.075779,2.545e-21,0.00054511,7.8092e+06,1,0.945,50,0.05,0.945
0.074294,2.6123e-21,0.00054587,7.8092e+06,1,0.946,50,0.05,0.946
0.072808,2.6795e-21,0.00054662,7.8092e+06,1,0.947,50,0.05,0.947
0.071322,2.7468e-21,0.00054738,7.8092e+06,1,0.948,50,0.05,0.948
0.069837,2.8141e-21,0.00054813,7.8092e+06,1,0.949,50,0.05,0.949
0.068351,2.8813e-21,0.00054888,7.8092e+06,1,0.95,50,0.05,0.95
0.066865,2.9486e-21,0.00054964,7.8092e+06,1,0.951,50,0.05,0.951
0.06538,3.0159e-21,0.00055039,7.8092e+06,1,0.952,50,0.05,0.952
0.063894,3.0832e-21,0.00055115,7.8092e+06,1,0.953,50,0.05,0.953
0.062408,3.1504e-21,0.0005519,7.8092e+06,1,0.954,50,0.05,0.954
0.060923,3.2177e-21,0.00055265,7.8092e+06,1,0.955,50,0.05,0.955
0.059422,3.2131e-21,0.00055341,7.8092e+06,1,0.956,50,0.05,0.956
0.057906,3.1366e-21,0.00055417,7.8092e+06,1,0.957,50,0.05,0.957
0.05639,3.0601e-21,0.00055494,7.8092e+06,1,0.958,50,0.05,0.958
0.054874,2.9836e-21,0.0005557,7.8092e+06,1,0.959,50,0.05,0.959
0.053358,2.9071e-21,0.00055646,7.8092e+06,1,0.96,50,0.05,0.96
0.051842,2.8306e-21,0.00055723,7.8092e+06,1,0.961,50,0.05,0.961
0.050327,2.7541e-21,0.00055799,7.8092e+06,1,0.962,50,0.05,0.962
0.048811,2.6776e-21,0.00055875,7.8092e+06,1,0.963,50,0.05,0.963
0.047295,2.6011e-21,0.00055951,7.8092e+06,1,0.964,50,0.05,0.964
0.045779,2.5246e-21,0.00056028,7.8092e+06,1,0.965,50,0.05,0.965
0.044263,2.4481e-21,0.00056104,7.8092e+06,1,0.966,50,0.05,0.966
0.042747,2.3716e-21,0.0005618,7.8092e+06,1,0.967,50,0.05,0.967
0.041231,2.2951e-21,0.00056257,7.8092e+06,1,0.968,50,0.05,0.968
0.039716,2.2186e-21,0.00056333,7.8092e+06,1,0.969,50,0.05,0.969
0.0382,2.1421e-21,0.00056409,7.8092e+06,1,0.97,50,0.05,0.97
0.036684,2.0656e-21,0.00056485,7.8092e+06,1,0.971,50,0.05,0.971
0.035168,1.9891e-21,0.00056562,7.8092e+06,1,0.972,50,0.05,0.972
0.033652,1.9126e-21,0.00056638,7.8092e+06,1,0.973,50,0.05,0.973
0.032136,1.8361e-21,0.00056714,7.8092e+06,1,0.974,50,0.05,0.974
0.03062,1.7596e-21,0.00056791,7.8092e+06,1,0.975,50,0.05,0.975
nan,nan,nan,nan,0,0.976,50,0.05,0.976
nan,nan,nan,nan,0,0.977,50,0.05,0.977
nan,nan,nan,nan,0,0.978,50,0.05,0.978
nan,nan,nan,nan,0,0.979,50,0.05,0.979
nan,nan,nan,nan,0,0.98,50,0.05,0.98
nan,nan,nan,nan,0,0.981,50,0.05,0.981
nan,nan,nan,nan,0,0.982,50,0.05,0.982
nan,nan,nan,nan,0,0.983,50,0.05,0.983
nan,nan,nan,nan,0,0.984,50,0.05,0.984
nan,nan,nan,nan,0,0.985,50,0.05,0.985
nan,nan,nan,nan,0,0.986,50,0.05,0.986
nan,nan,nan,nan,0,0.987,50,0.05,0.987
nan,nan,nan,nan,0,0.988,50,0.05,0.988
nan,nan,nan,nan,0,0.989,50,0.05,0.989
nan,nan,nan,nan,0,0.99,50,0.05,0.99
nan,nan,nan,nan,0,0.991,50,0.05,0.991
nan,nan,nan,nan,0,0.992,50,0.05,0.992
nan,nan,nan,nan,0,0.993,50,0.05,0.993
nan,nan,nan,nan,0,0.994,50,0.05,0.994
nan,nan,nan,nan,0,0.995,50,0.05,0.995
nan,nan,nan,nan,0,0.996,50,0.05,0.996
nan,nan,nan,nan,0,0.997,50,0.05,0.997
nan,nan,nan,nan,0,0.998,50,0.05,0.998
nan,nan,nan,nan,0,0.999,50,0.05,0.999
nan,nan,nan,nan,0,1,50,0.05,1
